,#,Country,TotalCases,NewCases,TotalDeaths,NewDeaths,TotalRecovered,ActiveCases,CriticalCases,TotÂ Cases/1M pop,Deaths/1M pop,TotalTests,Tests/ 1M pop,Population,Date,Longitude,Latitude,ClosedCases,ClosedDeathRate,CurrentDeathRate,Weight,DeathRateXWeight,notes
0,1.0,USA,1593039,316.0,94941.0,5.0,370812.0,1127286.0,17815.0,4816.0,287.0,14173807.0,42849.0,330785250.0,2020-05-21 01:52:27.913081,-97.922211,39.381266,465753.0,0.2038440976225596,0.05959741098617171,0.19834156433102793,0.011820643725076487,Last 8 columns are added by Roaya
1,2.0,Russia,308705,0.0,2972.0,0.0,85392.0,220341.0,2300.0,2115.0,20.0,7578029.0,51930.0,145927633.0,2020-05-21 01:52:27.913081,96.68656112,61.98052209,88364.0,0.03363360644606401,0.009627314102460278,0.03762993258346581,0.0003622751806354299,Last 8 columns are added by Roaya
2,3.0,Brazil,293357,0.0,18894.0,0.0,116683.0,157780.0,8318.0,1381.0,89.0,735224.0,3462.0,212389176.0,2020-05-21 01:52:27.913081,-53.09783113,-10.78777702,135577.0,0.1393599209305413,0.06440616722968942,0.05773565445055163,0.0037185322156577903,Last 8 columns are added by Roaya
3,4.0,Spain,279524,0.0,27888.0,0.0,196958.0,54678.0,1152.0,5979.0,596.0,3037840.0,64977.0,46752802.0,2020-05-21 01:52:27.913081,-3.64755047,40.24448698,224846.0,0.124031559378419,0.09976960833416809,0.09575098254562892,0.009553038026189162,Last 8 columns are added by Roaya
4,5.0,UK,248293,0.0,35704.0,0.0,0.0,0.0,1559.0,3660.0,526.0,2962227.0,43661.0,67846185.0,2020-05-21 01:52:27.913081,-2.86563164,54.12387156,35704.0,1.0,0.14379785173162352,0.015204598173012349,0.0021863885537217434,Last 8 columns are added by Roaya
5,6.0,Italy,227364,0.0,32330.0,0.0,132282.0,62752.0,676.0,3760.0,535.0,3171719.0,52450.0,60471440.0,2020-05-21 01:52:27.913081,12.07001339,42.79662641,164612.0,0.1964012344179039,0.1421948945303566,0.07010024967667233,0.009967897609326088,Last 8 columns are added by Roaya
6,7.0,France,181575,0.0,28132.0,0.0,63354.0,90089.0,1794.0,2782.0,431.0,1384633.0,21218.0,65257613.0,2020-05-21 01:52:27.913081,2.6187869999999998,47.824905,91486.0,0.30750060118488076,0.1549332231860113,0.03895944063567689,0.006036111711209486,Last 8 columns are added by Roaya
7,8.0,Germany,178531,0.0,8270.0,0.0,156900.0,13361.0,1045.0,2132.0,99.0,3595059.0,42924.0,83754315.0,2020-05-21 01:52:27.913081,10.38578051,51.10698181,165170.0,0.05006962523460677,0.04632248741114989,0.0703378747545499,0.0032582253178446755,Last 8 columns are added by Roaya
8,9.0,Turkey,152587,0.0,4222.0,0.0,113987.0,34378.0,877.0,1811.0,50.0,1696355.0,20138.0,84235031.0,2020-05-21 01:52:27.913081,35.16895346,39.0616029,118209.0,0.03571640061247452,0.02766946070110822,0.050339467438763635,0.0013928659160115872,Last 8 columns are added by Roaya
9,10.0,Iran,126949,0.0,7183.0,0.0,98808.0,20958.0,2735.0,1514.0,86.0,731213.0,8719.0,83868516.0,2020-05-21 01:52:27.913081,54.27407004,32.57503292,105991.0,0.06776990499193328,0.05658177693404438,0.045136415106311674,0.002553898571147758,Last 8 columns are added by Roaya
10,11.0,India,112442,414.0,3438.0,4.0,45422.0,63582.0,0.0,82.0,2.0,2615920.0,1898.0,1378455853.0,2020-05-21 01:52:27.913081,79.61197609999999,22.88578212,48860.0,0.0703643061809251,0.03057576350474022,0.020807099113079302,0.0006361929417012027,Last 8 columns are added by Roaya
11,12.0,Peru,104020,0.0,3024.0,0.0,41968.0,59028.0,869.0,3160.0,92.0,715423.0,21733.0,32918409.0,2020-05-21 01:52:27.913081,-74.38242685,-9.15280381,44992.0,0.06721194879089616,0.029071332436069987,0.019159905920910027,0.0005570039944706011,Last 8 columns are added by Roaya
12,13.0,Canada,80142,0.0,6031.0,0.0,40776.0,33335.0,502.0,2126.0,160.0,1375126.0,36471.0,37704575.0,2020-05-21 01:52:27.913081,-98.30777028,61.36206324,46807.0,0.1288482491934967,0.0752539242843952,0.01993282620110321,0.00150002339371183,Last 8 columns are added by Roaya
13,14.0,Saudi Arabia,62545,0.0,339.0,0.0,33478.0,28728.0,276.0,1800.0,10.0,636178.0,18307.0,34750295.0,2020-05-21 01:52:27.913081,44.53686271,24.12245841,33817.0,0.010024543868468521,0.005420097529778559,0.014401016592447866,7.805491445902673e-05,Last 8 columns are added by Roaya
14,15.0,Mexico,56594,2248.0,6090.0,424.0,38876.0,11628.0,378.0,439.0,47.0,185755.0,1442.0,128777650.0,2020-05-21 01:52:27.913081,-102.5234517,23.94753724,44966.0,0.13543566250055597,0.10760858041488497,0.019148833784664837,0.002060578820168372,Last 8 columns are added by Roaya
15,16.0,Belgium,55983,0.0,9150.0,0.0,14847.0,31986.0,313.0,4833.0,790.0,720228.0,62174.0,11584014.0,2020-05-21 01:52:27.913081,4.64065114,50.63981576,23997.0,0.38129766220777594,0.16344247360805958,0.010219155902917805,0.0016702441189592897,Last 8 columns are added by Roaya
16,17.0,Chile,53617,0.0,544.0,0.0,22504.0,30569.0,904.0,2808.0,28.0,409669.0,21451.0,19097583.0,2020-05-21 01:52:27.913081,-71.38256213,-37.73070989,23048.0,0.023602915654286707,0.010146035772236418,0.009815022929968312,9.95835737527792e-05,Last 8 columns are added by Roaya
17,18.0,Pakistan,48091,2193.0,1017.0,32.0,14155.0,32919.0,111.0,218.0,5.0,429600.0,1949.0,220380264.0,2020-05-21 01:52:27.913081,69.33957937,29.9497515,15172.0,0.0670313735829159,0.021147408038926202,0.006461017350463348,0.0001366337702568303,Last 8 columns are added by Roaya
18,19.0,Netherlands,44447,0.0,5748.0,0.0,0.0,0.0,275.0,2595.0,336.0,302395.0,17652.0,17130699.0,2020-05-21 01:52:27.913081,5.28144793,52.100789899999995,5748.0,1.0,0.12932256395257272,0.0024477938129754363,0.00031655497192122767,Last 8 columns are added by Roaya
19,20.0,Qatar,37097,0.0,16.0,0.0,6600.0,30481.0,172.0,12902.0,6.0,170437.0,59276.0,2875313.0,2020-05-21 01:52:27.913081,51.18479632,25.30601188,6616.0,0.0024183796856106408,0.00043130172251125426,0.002817432823007218,1.2151636296227589e-06,Last 8 columns are added by Roaya
20,21.0,Ecuador,34854,0.0,2888.0,0.0,3557.0,28409.0,191.0,1979.0,164.0,100248.0,5692.0,17611696.0,2020-05-21 01:52:27.913081,-78.75201922,-1.42381612,6445.0,0.44809930178432894,0.08285992999368795,0.0027446122346253808,0.0002274183776208785,Last 8 columns are added by Roaya
21,22.0,Belarus,32426,0.0,179.0,0.0,11415.0,20832.0,92.0,3431.0,19.0,387673.0,41025.0,9449661.0,2020-05-21 01:52:27.913081,28.03209307,53.53131377,11594.0,0.015439020182853199,0.005520261518534509,0.004937321062567364,2.7255303466340533e-05,Last 8 columns are added by Roaya
22,23.0,Sweden,31523,0.0,3831.0,0.0,4971.0,22721.0,352.0,3124.0,380.0,209900.0,20798.0,10092199.0,2020-05-21 01:52:27.913081,16.74558049,62.77966519,8802.0,0.43524199045671436,0.12153031120134505,0.0037483439703914043,0.0004555374092113527,Last 8 columns are added by Roaya
23,24.0,Switzerland,30658,0.0,1892.0,0.0,27800.0,966.0,55.0,3545.0,219.0,355393.0,41098.0,8647484.0,2020-05-21 01:52:27.913081,8.20867471,46.79785878,29692.0,0.06372086757375724,0.06171309283058256,0.012644379592008814,0.0007803237715467635,Last 8 columns are added by Roaya
24,25.0,Portugal,29660,0.0,1263.0,0.0,6452.0,21945.0,93.0,2908.0,124.0,674000.0,66079.0,10199902.0,2020-05-21 01:52:27.913081,-8.50104361,39.59550671,7715.0,0.16370706416072586,0.042582602832097104,0.003285443505063586,0.0001399027359034157,Last 8 columns are added by Roaya
25,26.0,Singapore,29364,0.0,22.0,0.0,11207.0,18135.0,11.0,5024.0,4.0,294414.0,50369.0,5845139.0,2020-05-21 01:52:27.913081,103.8172559,1.35876087,11229.0,0.0019592127526939177,0.0007492167279662172,0.004781885303740636,3.5826684607783e-06,Last 8 columns are added by Roaya
26,27.0,Bangladesh,26738,0.0,386.0,0.0,5207.0,21145.0,1.0,163.0,2.0,203852.0,1239.0,164502000.0,2020-05-21 01:52:27.913081,90.23812743,23.86731158,5593.0,0.06901483997854461,0.014436382676340788,0.0023817868468983326,3.438438637529944e-05,Last 8 columns are added by Roaya
27,28.0,UAE,26004,0.0,233.0,0.0,11809.0,13962.0,1.0,2633.0,24.0,1600923.0,162092.0,9876618.0,2020-05-21 01:52:27.913081,54.300167099999996,23.90528188,12042.0,0.01934894535791397,0.008960159975388403,0.005128102487099897,4.594861865460222e-05,Last 8 columns are added by Roaya
28,29.0,Ireland,24315,0.0,1571.0,0.0,21060.0,1684.0,54.0,4931.0,319.0,295626.0,59947.0,4931451.0,2020-05-21 01:52:27.913081,-8.13793569,53.17544870000001,22631.0,0.06941805488047369,0.06461032284597985,0.009637442898651202,0.00062267829709155,Last 8 columns are added by Roaya
29,30.0,Poland,19739,0.0,962.0,0.0,8183.0,10594.0,160.0,521.0,25.0,674861.0,17829.0,37851101.0,2020-05-21 01:52:27.913081,19.39012835,52.12759564,9145.0,0.10519409513395298,0.04873600486346826,0.003894410998549124,0.0001897980333656344,Last 8 columns are added by Roaya
30,31.0,Ukraine,19230,0.0,564.0,0.0,5955.0,12711.0,245.0,439.0,13.0,248529.0,5679.0,43761557.0,2020-05-21 01:52:27.913081,31.38326469,48.99656673,6519.0,0.08651633686148182,0.029329173166926677,0.0027761252377847723,8.142145783206508e-05,Last 8 columns are added by Roaya
31,32.0,Indonesia,19189,0.0,1242.0,0.0,4575.0,13372.0,0.0,70.0,5.0,211883.0,776.0,273192339.0,2020-05-21 01:52:27.913081,117.24011370000001,-2.21505456,5817.0,0.21351211964930378,0.06472458179165147,0.002477177559164599,0.00016033428154059264,Last 8 columns are added by Roaya
32,33.0,South Africa,18003,0.0,339.0,0.0,8950.0,8714.0,119.0,304.0,6.0,506861.0,8559.0,59222219.0,2020-05-21 01:52:27.913081,25.08390093,-29.00034095,9289.0,0.03649477877058887,0.018830194967505414,0.003955733599291724,7.44872349141751e-05,Last 8 columns are added by Roaya
33,34.0,Colombia,17687,0.0,630.0,0.0,4256.0,12801.0,136.0,348.0,12.0,214536.0,4221.0,50820749.0,2020-05-21 01:52:27.913081,-73.08114582,3.91383431,4886.0,0.12893982808022922,0.0356193814666139,0.00208070991130793,7.411360005224154e-05,Last 8 columns are added by Roaya
34,35.0,Kuwait,17568,0.0,124.0,0.0,4885.0,12559.0,167.0,4121.0,29.0,256314.0,60123.0,4263192.0,2020-05-21 01:52:27.913081,47.58700459,29.33431262,5009.0,0.024755440207626274,0.007058287795992714,0.0021330896327755675,1.5055960522778369e-05,Last 8 columns are added by Roaya
35,36.0,Romania,17387,0.0,1147.0,0.0,10356.0,5884.0,198.0,903.0,60.0,332487.0,17271.0,19251223.0,2020-05-21 01:52:27.913081,24.97293039,45.85243127,11503.0,0.0997131183169608,0.06596882728475298,0.004898568585709194,0.0003231528249731665,Last 8 columns are added by Roaya
36,37.0,Israel,16667,0.0,279.0,0.0,13504.0,2884.0,48.0,1929.0,32.0,522632.0,60492.0,8639658.0,2020-05-21 01:52:27.913081,35.00444693,31.46110101,13783.0,0.020242327504897337,0.016739665206695866,0.005869509764133689,9.825362837903036e-05,Last 8 columns are added by Roaya
37,38.0,Japan,16385,0.0,771.0,0.0,12286.0,3328.0,210.0,130.0,6.0,258277.0,2041.0,126518009.0,2020-05-21 01:52:27.913081,138.0308956,37.59230135,13057.0,0.05904878609175155,0.04705523344522429,0.005560341652056415,0.0002616431744727187,Last 8 columns are added by Roaya
38,39.0,Austria,16353,0.0,633.0,0.0,14882.0,838.0,37.0,1817.0,70.0,379592.0,42174.0,9000647.0,2020-05-21 01:52:27.913081,14.1264761,47.58549439,15515.0,0.040799226554946826,0.03870849385433865,0.006607084378621068,0.0002557502850649505,Last 8 columns are added by Roaya
39,40.0,Egypt,14229,0.0,680.0,0.0,3994.0,9555.0,41.0,139.0,7.0,135000.0,1322.0,102104567.0,2020-05-21 01:52:27.913081,29.86190099,26.49593311,4674.0,0.14548566538296961,0.04778972520908005,0.001990429415770214,9.512207482772827e-05,Last 8 columns are added by Roaya
40,41.0,Dominican Republic,13477,0.0,446.0,0.0,7142.0,5889.0,126.0,1244.0,41.0,59976.0,5535.0,10835483.0,2020-05-21 01:52:27.913081,-70.50568896,18.89433082,7588.0,0.058777016341591985,0.03309341841656155,0.0032313603780197656,0.0001069367610445066,Last 8 columns are added by Roaya
41,42.0,Philippines,13221,0.0,842.0,0.0,2932.0,9447.0,81.0,121.0,8.0,259172.0,2369.0,109411860.0,2020-05-21 01:52:27.913081,122.8839325,11.77536778,3774.0,0.22310545839957605,0.0636865592617805,0.001607163161128966,0.00010235469190459039,Last 8 columns are added by Roaya
42,43.0,S. Korea,11122,12.0,264.0,1.0,10135.0,723.0,15.0,217.0,5.0,788684.0,15385.0,51264360.0,2020-05-21 01:52:27.913081,127.83916090000001,36.38523983,10399.0,0.02538705644773536,0.023736737996763173,0.004428428646682596,0.0001051164505236653,Last 8 columns are added by Roaya
43,44.0,Denmark,11117,0.0,554.0,0.0,9536.0,1027.0,25.0,1920.0,96.0,490782.0,84765.0,5789943.0,2020-05-21 01:52:27.913081,10.02800992,55.98125296,10090.0,0.05490584737363727,0.049833588198254924,0.0042968405659224345,0.00021412698331573524,Last 8 columns are added by Roaya
44,45.0,Serbia,10833,0.0,235.0,0.0,5067.0,5531.0,13.0,1239.0,27.0,196881.0,22524.0,8741130.0,2020-05-21 01:52:27.913081,20.78958334,44.2215032,5302.0,0.04432289701999246,0.021692975168466723,0.002257864091230996,4.8979789664846675e-05,Last 8 columns are added by Roaya
45,46.0,Panama,9977,0.0,287.0,0.0,6194.0,3496.0,72.0,2317.0,67.0,52641.0,12223.0,4306796.0,2020-05-21 01:52:27.913081,-80.11915156,8.51750797,6481.0,0.04428328961580003,0.028766162172997895,0.0027599428848110305,7.939296461268575e-05,Last 8 columns are added by Roaya
46,47.0,Argentina,9283,0.0,403.0,0.0,2933.0,5947.0,154.0,206.0,9.0,112370.0,2489.0,45148586.0,2020-05-21 01:52:27.913081,-65.17980692,-35.3813488,3336.0,0.12080335731414868,0.04341268986319078,0.0014206402505368922,6.167381460372375e-05,Last 8 columns are added by Roaya
47,48.0,Czechia,8721,0.0,304.0,0.0,5830.0,2587.0,36.0,815.0,28.0,372341.0,34776.0,10706798.0,2020-05-21 01:52:27.913081,15.31240163,49.73341233,6134.0,0.049559830453211606,0.034858387799564274,0.0026121724510771273,9.105612029898483e-05,Last 8 columns are added by Roaya
48,49.0,Norway,8281,0.0,234.0,0.0,32.0,8015.0,17.0,1529.0,43.0,223045.0,41179.0,5416449.0,2020-05-21 01:52:27.913081,15.34834656,68.75015572,266.0,0.8796992481203008,0.0282574568288854,0.00011327647081619104,3.2009049838170155e-06,Last 8 columns are added by Roaya
49,50.0,Afghanistan,8145,0.0,187.0,0.0,930.0,7028.0,19.0,210.0,5.0,25700.0,662.0,38822151.0,2020-05-21 01:52:27.913081,66.00473366,33.83523073,1117.0,0.1674127126230976,0.02295887047268263,0.0004756760071491932,1.0920983835101183e-05,Last 8 columns are added by Roaya
50,51.0,Bahrain,7888,0.0,12.0,0.0,3568.0,4308.0,9.0,4656.0,7.0,255633.0,150906.0,1693992.0,2020-05-21 01:52:27.913081,50.54196932,26.04205135,3580.0,0.0033519553072625698,0.0015212981744421906,0.001524547990684075,2.319292075077193e-06,Last 8 columns are added by Roaya
51,52.0,Algeria,7542,0.0,568.0,0.0,3968.0,3006.0,22.0,172.0,13.0,0.0,0.0,43757106.0,2020-05-21 01:52:27.913081,2.61732301,28.15893849,4536.0,0.12522045855379188,0.07531158843808008,0.0019316619233918893,0.00014547652777600014,Last 8 columns are added by Roaya
52,53.0,Kazakhstan,7234,265.0,35.0,0.0,3734.0,3465.0,31.0,386.0,2.0,591502.0,31545.0,18750814.0,2020-05-21 01:52:27.913081,67.29149357,48.15688067,3769.0,0.009286282833642877,0.004838263754492674,0.0016050339041587369,7.765577363223084e-06,Last 8 columns are added by Roaya
53,54.0,Morocco,7133,0.0,194.0,0.0,4098.0,2841.0,1.0,194.0,5.0,104915.0,2846.0,36860148.0,2020-05-21 01:52:27.913081,-8.45615795,29.83762955,4292.0,0.045200372786579686,0.027197532594981075,0.0018277541832447065,4.971040397441092e-05,Last 8 columns are added by Roaya
54,55.0,Australia,7081,2.0,100.0,0.0,6470.0,511.0,9.0,278.0,4.0,1137558.0,44670.0,25465832.0,2020-05-21 01:52:27.913081,134.49100009999998,-25.73288704,6570.0,0.015220700152207,0.014122299110295156,0.0027978436588811093,3.951198501456164e-05,Last 8 columns are added by Roaya
55,56.0,Malaysia,7009,0.0,114.0,0.0,5706.0,1189.0,11.0,217.0,4.0,471318.0,14584.0,32317999.0,2020-05-21 01:52:27.913081,109.69762279999999,3.78986846,5820.0,0.01958762886597938,0.016264802396918247,0.002478455113346736,4.0311582668216275e-05,Last 8 columns are added by Roaya
56,57.0,Nigeria,6677,0.0,200.0,0.0,1840.0,4637.0,7.0,32.0,1.0,38231.0,186.0,205514164.0,2020-05-21 01:52:27.913081,8.08943895,9.59411452,2040.0,0.09803921568627451,0.029953571963456643,0.0008687368438534952,2.6021771569671862e-05,Last 8 columns are added by Roaya
57,58.0,Moldova,6553,0.0,228.0,0.0,2953.0,3372.0,251.0,1624.0,57.0,40565.0,10053.0,4034973.0,2020-05-21 01:52:27.913081,28.45673372,47.19498804,3181.0,0.0716755737189563,0.034793224477338625,0.0013546332844597882,4.713205995068392e-05,Last 8 columns are added by Roaya
58,59.0,Finland,6443,0.0,304.0,0.0,4800.0,1339.0,20.0,1163.0,55.0,156200.0,28196.0,5539776.0,2020-05-21 01:52:27.913081,26.274665600000002,64.49884603,5104.0,0.05956112852664577,0.04718298929070309,0.0021735455152099214,0.00010255437476700545,Last 8 columns are added by Roaya
59,60.0,Ghana,6269,0.0,31.0,0.0,1898.0,4340.0,8.0,202.0,1.0,184343.0,5948.0,30994975.0,2020-05-21 01:52:27.913081,-1.21676566,7.95345644,1929.0,0.01607050285121825,0.0049449672994097945,0.000821467339114408,4.062129129453924e-06,Last 8 columns are added by Roaya
60,61.0,Oman,6043,0.0,30.0,0.0,1661.0,4352.0,31.0,1187.0,6.0,72000.0,14143.0,5090680.0,2020-05-21 01:52:27.913081,56.09166155,20.60515333,1691.0,0.017740981667652277,0.004964421644878371,0.0007201147073315002,3.5749530398717533e-06,Last 8 columns are added by Roaya
61,62.0,Armenia,5271,0.0,67.0,0.0,2419.0,2785.0,10.0,1779.0,23.0,44071.0,14876.0,2962634.0,2020-05-21 01:52:27.913081,44.92993276,40.28952569,2486.0,0.026950925181013677,0.01271106051982546,0.0010586665655979359,1.3456774785631133e-05,Last 8 columns are added by Roaya
62,63.0,Bolivia,4919,438.0,199.0,10.0,553.0,4167.0,3.0,422.0,17.0,14803.0,1270.0,11654518.0,2020-05-21 01:52:27.913081,-64.68538645,-16.70814787,752.0,0.2646276595744681,0.04045537710916853,0.00032024024832246487,1.295544001141909e-05,Last 8 columns are added by Roaya
63,64.0,Luxembourg,3971,0.0,109.0,0.0,3728.0,134.0,6.0,6356.0,174.0,64018.0,102465.0,624780.0,2020-05-21 01:52:27.913081,6.07182201,49.76725361,3837.0,0.02840761011206672,0.027449005288340468,0.0016339917989538534,4.4851449530589274e-05,Last 8 columns are added by Roaya
64,65.0,Cameroon,3733,0.0,146.0,0.0,1595.0,1992.0,28.0,141.0,6.0,0.0,0.0,26464935.0,2020-05-21 01:52:27.913081,12.73964156,5.69109849,1741.0,0.08385985066053991,0.039110634878114114,0.0007414072770337918,2.899690930804543e-05,Last 8 columns are added by Roaya
65,66.0,Iraq,3724,0.0,134.0,0.0,2438.0,1152.0,0.0,93.0,3.0,149701.0,3732.0,40113204.0,2020-05-21 01:52:27.913081,43.74353149,33.03970582,2572.0,0.052099533437014,0.0359828141783029,0.0010952897854858772,3.9411608822531566e-05,Last 8 columns are added by Roaya
66,67.0,Hungary,3641,43.0,473.0,3.0,1509.0,1659.0,27.0,377.0,49.0,147511.0,15266.0,9662990.0,2020-05-21 01:52:27.913081,19.39559116,47.16277506,1982.0,0.2386478304742684,0.1299093655589124,0.000844037462998837,0.0001096483713261329,Last 8 columns are added by Roaya
67,68.0,Azerbaijan,3631,0.0,43.0,0.0,2253.0,1335.0,46.0,358.0,4.0,245609.0,24249.0,10128787.0,2020-05-21 01:52:27.913081,47.54599879,40.28827235,2296.0,0.018728222996515678,0.011842467639768659,0.0009777548007292279,1.1579029587264334e-05,Last 8 columns are added by Roaya
68,69.0,Sudan,3138,410.0,121.0,10.0,309.0,2708.0,0.0,72.0,3.0,281.0,6.0,43724769.0,2020-05-21 01:52:27.913081,29.94046812,15.99035669,430.0,0.2813953488372093,0.03855959209687699,0.00018311609943970732,7.06088210076628e-06,Last 8 columns are added by Roaya
69,70.0,Honduras,3100,145.0,151.0,4.0,355.0,2594.0,13.0,314.0,15.0,11315.0,1145.0,9886106.0,2020-05-21 01:52:27.913081,-86.6151661,14.82688165,506.0,0.2984189723320158,0.048709677419354835,0.00021548080538719047,1.0496000520472826e-05,Last 8 columns are added by Roaya
70,71.0,Thailand,3037,3.0,56.0,0.0,2897.0,84.0,61.0,44.0,0.8,328073.0,4701.0,69780672.0,2020-05-21 01:52:27.913081,101.0028813,15.11815794,2953.0,0.018963765662038605,0.018439249259137307,0.0012575391666173389,2.318807814638491e-05,Last 8 columns are added by Roaya
71,72.0,Uzbekistan,2950,11.0,13.0,0.0,2372.0,565.0,5.0,88.0,0.4,460000.0,13767.0,33412612.0,2020-05-21 01:52:27.913081,63.14001528,41.75554225,2385.0,0.005450733752620545,0.004406779661016949,0.001015655574799307,4.475770329624065e-06,Last 8 columns are added by Roaya
72,73.0,Guinea,2863,0.0,18.0,0.0,1525.0,1320.0,18.0,219.0,1.0,10304.0,787.0,13088713.0,2020-05-21 01:52:27.913081,-10.94066612,10.43621593,1543.0,0.011665586519766688,0.0062871114215857496,0.0006570887010127172,4.131189877131998e-06,Last 8 columns are added by Roaya
73,74.0,Greece,2850,0.0,166.0,0.0,1374.0,1310.0,22.0,273.0,16.0,139445.0,13372.0,10428469.0,2020-05-21 01:52:27.913081,22.95555794,39.07469623,1540.0,0.10779220779220779,0.05824561403508772,0.0006558111468305797,3.819812293820218e-05,Last 8 columns are added by Roaya
74,75.0,Senegal,2714,0.0,30.0,0.0,1186.0,1498.0,6.0,163.0,2.0,24599.0,1474.0,16689519.0,2020-05-21 01:52:27.913081,-14.4734924,14.36624173,1216.0,0.024671052631578948,0.01105379513633014,0.0005178352951597304,5.724045267056711e-06,Last 8 columns are added by Roaya
75,76.0,Bosnia and Herzegovina,2338,0.0,136.0,0.0,1557.0,645.0,4.0,712.0,41.0,55624.0,16943.0,3282976.0,2020-05-21 01:52:27.913081,17.76876733,44.17450125,1693.0,0.08033077377436504,0.058169375534645,0.0007209664101195919,4.193816585811142e-05,Last 8 columns are added by Roaya
76,77.0,Bulgaria,2331,39.0,120.0,4.0,727.0,1484.0,33.0,335.0,17.0,70755.0,10175.0,6953938.0,2020-05-21 01:52:27.913081,25.21552909,42.76890318,847.0,0.14167650531286896,0.05148005148005148,0.0003606961307568188,1.856865538001641e-05,Last 8 columns are added by Roaya
77,78.0,Guatemala,2265,132.0,45.0,2.0,159.0,2061.0,5.0,127.0,3.0,20820.0,1165.0,17876171.0,2020-05-21 01:52:27.913081,-90.36482009,15.69403664,204.0,0.22058823529411764,0.019867549668874173,8.687368438534952e-05,1.7259672394440303e-06,Last 8 columns are added by Roaya
78,79.0,Croatia,2234,0.0,96.0,0.0,1978.0,160.0,8.0,544.0,23.0,57021.0,13881.0,4107943.0,2020-05-21 01:52:27.913081,16.40412899,45.08047631,2074.0,0.04628736740597879,0.04297224709042077,0.0008832157912510534,3.795376721580176e-05,Last 8 columns are added by Roaya
79,81.0,Tajikistan,2140,0.0,41.0,0.0,470.0,1629.0,0.0,225.0,4.0,0.0,0.0,9511704.0,2020-05-21 01:52:27.913081,71.01362631,38.5304539,511.0,0.08023483365949119,0.019158878504672898,0.00021761006235741963,4.169164746100096e-06,Last 8 columns are added by Roaya
80,82.0,Cuba,1900,0.0,79.0,0.0,1573.0,248.0,8.0,168.0,7.0,87288.0,7706.0,11327367.0,2020-05-21 01:52:27.913081,-79.01605384,21.62289528,1652.0,0.04782082324455206,0.041578947368421056,0.0007035065029637128,2.9251059860070166e-05,Last 8 columns are added by Roaya
81,83.0,North Macedonia,1858,0.0,110.0,0.0,1367.0,381.0,21.0,892.0,53.0,22767.0,10928.0,2083383.0,2020-05-21 01:52:27.913081,21.68211346,41.59530893,1477.0,0.07447528774542993,0.059203444564047365,0.0006289825090056923,3.723793110367393e-05,Last 8 columns are added by Roaya
82,84.0,Djibouti,1828,0.0,9.0,0.0,1052.0,767.0,0.0,1853.0,9.0,20056.0,20334.0,986323.0,2020-05-21 01:52:27.913081,42.560675399999994,11.74871806,1061.0,0.008482563619227144,0.004923413566739606,0.0004518283290826267,2.224537725242692e-06,Last 8 columns are added by Roaya
83,85.0,Iceland,1803,0.0,10.0,0.0,1789.0,4.0,0.0,5287.0,29.0,57628.0,169000.0,340994.0,2020-05-21 01:52:27.913081,-18.57396167,64.99575386,1799.0,0.005558643690939411,0.005546311702717693,0.0007661066578884499,4.24906632217665e-06,Last 8 columns are added by Roaya
84,86.0,Estonia,1794,0.0,64.0,0.0,956.0,774.0,2.0,1352.0,48.0,72464.0,54631.0,1326438.0,2020-05-21 01:52:27.913081,25.54248537,58.67192972,1020.0,0.06274509803921569,0.03567447045707915,0.0004343684219267476,1.549586343551385e-05,Last 8 columns are added by Roaya
85,88.0,Lithuania,1577,0.0,60.0,0.0,1049.0,468.0,17.0,578.0,22.0,245580.0,90083.0,2726154.0,2020-05-21 01:52:27.913081,23.88719355,55.32610984,1109.0,0.05410279531109107,0.03804692454026633,0.00047226919599682656,1.796839046278351e-05,Last 8 columns are added by Roaya
86,89.0,Somalia,1573,0.0,61.0,0.0,188.0,1324.0,2.0,99.0,4.0,0.0,0.0,15838153.0,2020-05-21 01:52:27.913081,45.70714487,4.75062876,249.0,0.24497991967871485,0.03877940241576605,0.00010603699711741191,4.112051382175542e-06,Last 8 columns are added by Roaya
87,90.0,El Salvador,1571,0.0,32.0,1.0,537.0,1002.0,27.0,242.0,5.0,62838.0,9693.0,6482554.0,2020-05-21 01:52:27.913081,-88.87164469,13.73943744,569.0,0.056239015817223195,0.020369191597708464,0.00024230944321207784,4.935647474720872e-06,Last 8 columns are added by Roaya
88,91.0,Gabon,1567,0.0,12.0,0.0,365.0,1190.0,9.0,706.0,5.0,7966.0,3589.0,2219341.0,2020-05-21 01:52:27.913081,11.7886287,-0.58660025,377.0,0.03183023872679045,0.007657945118059987,0.00016054597555527827,1.2294522697277214e-06,Last 8 columns are added by Roaya
89,92.0,New Zealand,1503,0.0,21.0,0.0,1452.0,30.0,1.0,312.0,4.0,244838.0,50819.0,4817799.0,2020-05-21 01:52:27.913081,171.4849235,-41.81113557,1473.0,0.014256619144602852,0.013972055888223553,0.000627279103429509,8.764378690631863e-06,Last 8 columns are added by Roaya
90,93.0,Slovakia,1496,0.0,28.0,0.0,1231.0,237.0,3.0,274.0,5.0,148845.0,27264.0,5459353.0,2020-05-21 01:52:27.913081,19.47905218,48.70547528,1259.0,0.022239872915011914,0.01871657754010695,0.0005361469051037012,1.0034835122261788e-05,Last 8 columns are added by Roaya
91,95.0,Slovenia,1468,0.0,105.0,0.0,1340.0,23.0,4.0,706.0,51.0,73319.0,35268.0,2078907.0,2020-05-21 01:52:27.913081,14.80444238,46.11554772,1445.0,0.0726643598615917,0.07152588555858311,0.0006153552643962258,4.40138302190761e-05,Last 8 columns are added by Roaya
92,96.0,Kyrgyzstan,1313,43.0,14.0,0.0,923.0,376.0,5.0,202.0,2.0,94441.0,14504.0,6511518.0,2020-05-21 01:52:27.913081,74.54165513,41.46221943,937.0,0.014941302027748132,0.010662604722010662,0.00039902275622094363,4.2546219246711425e-06,Last 8 columns are added by Roaya
93,97.0,Maldives,1186,0.0,4.0,0.0,91.0,1091.0,9.0,2199.0,7.0,11775.0,21829.0,539417.0,2020-05-21 01:52:27.913081,73.45713004,3.7287092000000004,95.0,0.042105263157894736,0.003372681281618887,4.0455882434353946e-05,1.364447974177199e-07,Last 8 columns are added by Roaya
94,98.0,Guinea-Bissau,1089,0.0,6.0,0.0,42.0,1041.0,0.0,555.0,3.0,1500.0,764.0,1962338.0,2020-05-21 01:52:27.913081,-14.94972445,12.04744948,48.0,0.125,0.005509641873278237,2.0440866914199888e-05,1.1262185627658341e-07,Last 8 columns are added by Roaya
95,99.0,Hong Kong,1056,0.0,4.0,0.0,1026.0,26.0,1.0,141.0,0.5,168291.0,22468.0,7490095.0,2020-05-21 01:52:27.913081,114.11380449999999,22.39827737,1030.0,0.003883495145631068,0.003787878787878788,0.0004386269358672059,1.6614656661636587e-06,Last 8 columns are added by Roaya
96,100.0,Tunisia,1045,0.0,47.0,0.0,862.0,136.0,3.0,89.0,4.0,43723.0,3704.0,11804462.0,2020-05-21 01:52:27.913081,9.55288359,34.11956246,909.0,0.0517051705170517,0.044976076555023926,0.00038709891718766035,1.741019053379908e-05,Last 8 columns are added by Roaya
97,101.0,Kenya,1029,0.0,50.0,0.0,366.0,613.0,1.0,19.0,0.9,49405.0,921.0,53628156.0,2020-05-21 01:52:27.913081,37.79593973,0.59988022,416.0,0.1201923076923077,0.04859086491739553,0.00017715417992306568,8.608074826193669e-06,Last 8 columns are added by Roaya
98,102.0,Sri Lanka,1028,0.0,9.0,0.0,584.0,435.0,1.0,48.0,0.4,47521.0,2220.0,21403273.0,2020-05-21 01:52:27.913081,80.70108238,7.61266509,593.0,0.01517706576728499,0.008754863813229572,0.00025252987666917777,2.210864679010311e-06,Last 8 columns are added by Roaya
99,103.0,Latvia,1016,0.0,21.0,0.0,694.0,301.0,3.0,538.0,11.0,92751.0,49117.0,1888351.0,2020-05-21 01:52:27.913081,24.91235983,56.85085163,715.0,0.02937062937062937,0.02066929133858268,0.00030448374674276916,6.2934632692895205e-06,Last 8 columns are added by Roaya
100,104.0,Albania,964,0.0,31.0,0.0,758.0,175.0,1.0,335.0,11.0,12555.0,4362.0,2878137.0,2020-05-21 01:52:27.913081,20.04983396,41.14244989,789.0,0.03929024081115336,0.032157676348547715,0.00033599674990216063,1.0804874737517612e-05,Last 8 columns are added by Roaya
101,105.0,Lebanon,961,0.0,26.0,0.0,251.0,684.0,4.0,141.0,4.0,65363.0,9572.0,6828703.0,2020-05-21 01:52:27.913081,35.88016072,33.92306631,277.0,0.09386281588447654,0.027055150884495317,0.00011796083615069518,3.191448220518288e-06,Last 8 columns are added by Roaya
102,106.0,Mali,931,0.0,55.0,0.0,543.0,333.0,0.0,46.0,3.0,3483.0,173.0,20178087.0,2020-05-21 01:52:27.913081,-3.54269065,17.34581581,598.0,0.09197324414715718,0.05907626208378088,0.0002546591336394069,1.5044309720910182e-05,Last 8 columns are added by Roaya
103,107.0,Cyprus,922,0.0,17.0,0.0,516.0,389.0,10.0,764.0,14.0,90718.0,75199.0,1206368.0,2020-05-21 01:52:27.913081,33.0060022,34.91667211,533.0,0.03189493433395872,0.01843817787418655,0.0002269787930264279,4.185075359489451e-06,Last 8 columns are added by Roaya
104,108.0,Niger,920,0.0,58.0,0.0,738.0,124.0,0.0,38.0,2.0,5909.0,245.0,24093552.0,2020-05-21 01:52:27.913081,9.38545882,17.41912493,796.0,0.0728643216080402,0.06304347826086956,0.00033897770966048144,2.1370333869899914e-05,Last 8 columns are added by Roaya
105,109.0,Costa Rica,897,0.0,10.0,0.0,582.0,305.0,5.0,176.0,2.0,21299.0,4185.0,5088826.0,2020-05-21 01:52:27.913081,-84.19208768,9.97634464,592.0,0.016891891891891893,0.011148272017837236,0.00025210402527513193,2.8105242505588847e-06,Last 8 columns are added by Roaya
106,111.0,Paraguay,833,0.0,11.0,0.0,242.0,580.0,0.0,117.0,2.0,21542.0,3025.0,7122422.0,2020-05-21 01:52:27.913081,-58.40013703,-23.22823913,253.0,0.043478260869565216,0.013205282112845138,0.00010774040269359523,1.4227424125204654e-06,Last 8 columns are added by Roaya
107,112.0,Zambia,832,0.0,7.0,0.0,197.0,628.0,1.0,45.0,0.4,19014.0,1038.0,18319980.0,2020-05-21 01:52:27.913081,27.77475946,-13.45824152,204.0,0.03431372549019608,0.008413461538461538,8.687368438534952e-05,7.309084022805849e-07,Last 8 columns are added by Roaya
108,113.0,Venezuela,824,0.0,10.0,0.0,262.0,552.0,1.0,29.0,0.4,616562.0,21676.0,28444595.0,2020-05-21 01:52:27.913081,-66.18184123,7.12422421,272.0,0.03676470588235294,0.012135922330097087,0.00011583157918046602,1.4057230483066265e-06,Last 8 columns are added by Roaya
109,114.0,Burkina Faso,809,0.0,52.0,0.0,661.0,96.0,0.0,39.0,2.0,0.0,0.0,20832244.0,2020-05-21 01:52:27.913081,-1.75456601,12.26953846,713.0,0.0729312762973352,0.06427688504326329,0.0003036320439546775,1.951652198472587e-05,Last 8 columns are added by Roaya
110,115.0,Andorra,762,0.0,51.0,0.0,639.0,72.0,3.0,9864.0,660.0,3750.0,48543.0,77251.0,2020-05-21 01:52:27.913081,1.56054378,42.54229102,690.0,0.07391304347826087,0.06692913385826772,0.0002938374618916234,1.9666286819518102e-05,Last 8 columns are added by Roaya
111,116.0,Uruguay,746,0.0,20.0,0.0,588.0,138.0,4.0,215.0,6.0,35630.0,10261.0,3472397.0,2020-05-21 01:52:27.913081,-56.01807053,-32.79951534,608.0,0.03289473684210526,0.02680965147453083,0.0002589176475798652,6.941491892221588e-06,Last 8 columns are added by Roaya
112,117.0,Georgia,713,0.0,12.0,0.0,475.0,226.0,6.0,179.0,3.0,40711.0,10203.0,3989993.0,2020-05-21 01:52:27.913081,43.50780252,42.16855755,487.0,0.024640657084188913,0.016830294530154277,0.0002073896289003197,3.490428536891776e-06,Last 8 columns are added by Roaya
113,119.0,Jordan,672,0.0,9.0,0.0,446.0,217.0,5.0,66.0,0.9,152615.0,14975.0,10191568.0,2020-05-21 01:52:27.913081,36.77136104,31.24579091,455.0,0.01978021978021978,0.013392857142857142,0.0001937623842908531,2.5950319324667824e-06,Last 8 columns are added by Roaya
114,120.0,San Marino,656,0.0,41.0,0.0,220.0,395.0,1.0,19338.0,1209.0,3700.0,109071.0,33923.0,2020-05-21 01:52:27.913081,12.45922334,43.94186747,261.0,0.15708812260536398,0.0625,0.00011114721384596189,6.946700865372618e-06,Last 8 columns are added by Roaya
115,121.0,Haiti,596,0.0,22.0,0.0,21.0,553.0,0.0,52.0,2.0,2270.0,199.0,11386485.0,2020-05-21 01:52:27.913081,-72.68527509,18.93502563,43.0,0.5116279069767442,0.03691275167785235,1.8311609943970732e-05,6.759319106834835e-07,Last 8 columns are added by Roaya
116,122.0,Malta,584,0.0,6.0,0.0,465.0,113.0,1.0,1323.0,14.0,54866.0,124296.0,441413.0,2020-05-21 01:52:27.913081,14.40523316,35.92149632,471.0,0.012738853503184714,0.010273972602739725,0.00020057600659558638,2.060712396529997e-06,Last 8 columns are added by Roaya
117,123.0,Sierra Leone,570,0.0,34.0,0.0,205.0,331.0,0.0,72.0,4.0,0.0,0.0,7957533.0,2020-05-21 01:52:27.913081,-11.79271247,8.56329593,239.0,0.14225941422594143,0.05964912280701754,0.00010177848317695361,6.070997242134074e-06,Last 8 columns are added by Roaya
118,124.0,Chad,565,0.0,57.0,0.0,177.0,331.0,0.0,35.0,3.0,0.0,0.0,16367109.0,2020-05-21 01:52:27.913081,18.64492513,15.33333758,234.0,0.24358974358974358,0.10088495575221239,9.964922620672445e-05,1.0053107776607599e-05,Last 8 columns are added by Roaya
119,126.0,Jamaica,529,9.0,9.0,0.0,171.0,349.0,0.0,179.0,3.0,9021.0,3048.0,2959730.0,2020-05-21 01:52:27.913081,-77.31482593,18.15694878,180.0,0.05,0.017013232514177693,7.665325092824957e-05,1.304119581009917e-06,Last 8 columns are added by Roaya
120,127.0,Tanzania,509,0.0,21.0,0.0,183.0,305.0,7.0,9.0,0.4,0.0,0.0,59522334.0,2020-05-21 01:52:27.913081,34.81309981,-6.27565408,204.0,0.10294117647058823,0.0412573673870334,8.687368438534952e-05,3.5841795129515523e-06,Last 8 columns are added by Roaya
121,129.0,Nepal,444,17.0,2.0,0.0,45.0,397.0,1.0,15.0,0.07,110583.0,3803.0,29074659.0,2020-05-21 01:52:27.913081,83.91582640000001,28.24891365,47.0,0.0425531914893617,0.0045045045045045045,2.0015015520154054e-05,9.015772756826151e-08,Last 8 columns are added by Roaya
122,130.0,Taiwan,440,0.0,7.0,0.0,402.0,31.0,0.0,18.0,0.3,69876.0,2934.0,23812039.0,2020-05-21 01:52:27.913081,120.95427279999998,23.753992800000002,409.0,0.017114914425427872,0.015909090909090907,0.00017417322016474488,2.7709375935300316e-06,Last 8 columns are added by Roaya
123,131.0,Congo,420,0.0,15.0,0.0,132.0,273.0,0.0,76.0,3.0,0.0,0.0,5501474.0,2020-05-21 01:52:27.913081,15.21965762,-0.83787463,147.0,0.10204081632653061,0.03571428571428571,6.260015492473716e-05,2.2357198187406127e-06,Last 8 columns are added by Roaya
124,133.0,Palestine,398,0.0,2.0,0.0,346.0,50.0,0.0,78.0,0.4,44876.0,8822.0,5087001.0,2020-05-21 01:52:27.913081,35.19628705,31.91613893,348.0,0.005747126436781609,0.005025125628140704,0.00014819628512794918,7.447049503917045e-07,Last 8 columns are added by Roaya
125,134.0,Ethiopia,389,0.0,5.0,0.0,122.0,262.0,0.0,3.0,0.04,65760.0,574.0,114615025.0,2020-05-21 01:52:27.913081,39.60080098,8.62278679,127.0,0.03937007874015748,0.012853470437017995,5.4083127043820536e-05,6.951558745992357e-07,Last 8 columns are added by Roaya
126,135.0,Madagascar,371,0.0,2.0,0.0,131.0,238.0,0.0,13.0,0.07,5670.0,205.0,27603501.0,2020-05-21 01:52:27.913081,46.70473674,-19.37189587,133.0,0.015037593984962405,0.005390835579514825,5.663823540809552e-05,3.053274145988977e-07,Last 8 columns are added by Roaya
127,137.0,Togo,340,0.0,12.0,0.0,110.0,218.0,0.0,41.0,1.0,14196.0,1720.0,8255121.0,2020-05-21 01:52:27.913081,0.96232845,8.52531356,122.0,0.09836065573770492,0.03529411764705882,5.1953870073591376e-05,1.8336660025973427e-06,Last 8 columns are added by Roaya
128,138.0,Isle of Man,336,0.0,24.0,0.0,302.0,10.0,4.0,3954.0,282.0,4262.0,50151.0,84983.0,2020-05-21 01:52:27.913081,-4.53873952,54.22418911,326.0,0.0736196319018405,0.07142857142857142,0.0001388275544589409,9.91625388992435e-06,Last 8 columns are added by Roaya
129,139.0,Mauritius,332,0.0,10.0,0.0,322.0,0.0,0.0,261.0,8.0,95666.0,75237.0,1271536.0,2020-05-21 01:52:27.913081,57.57120551,-20.27768704,332.0,0.030120481927710843,0.030120481927710843,0.0001413826628232159,4.25851394045831e-06,Last 8 columns are added by Roaya
130,140.0,Montenegro,324,0.0,9.0,0.0,312.0,3.0,2.0,516.0,14.0,10167.0,16188.0,628057.0,2020-05-21 01:52:27.913081,19.23883939,42.78890259,321.0,0.028037383177570093,0.027777777777777776,0.00013669829748871174,3.7971749302419924e-06,Last 8 columns are added by Roaya
131,141.0,Vietnam,324,0.0,0.0,0.0,264.0,60.0,2.0,3.0,0.0,275000.0,2828.0,97239013.0,2020-05-21 01:52:27.913081,106.29914699999999,16.646016699999997,264.0,0.0,0.0,0.00011242476802809938,0.0,Last 8 columns are added by Roaya
132,142.0,Rwanda,314,0.0,0.0,0.0,216.0,98.0,0.0,24.0,0.0,53317.0,4129.0,12912915.0,2020-05-21 01:52:27.913081,29.91988515,-1.99033832,216.0,0.0,0.0,9.198390111389949e-05,0.0,Last 8 columns are added by Roaya
133,144.0,Uganda,264,0.0,0.0,0.0,65.0,199.0,0.0,6.0,0.0,77456.0,1700.0,45558511.0,2020-05-21 01:52:27.913081,32.36907971,1.27469299,65.0,0.0,0.0,2.7680340612979014e-05,0.0,Last 8 columns are added by Roaya
134,145.0,Nicaragua,254,0.0,17.0,0.0,199.0,38.0,0.0,38.0,3.0,0.0,0.0,6615470.0,2020-05-21 01:52:27.913081,-85.0305297,12.84709429,216.0,0.0787037037037037,0.06692913385826772,9.198390111389949e-05,6.15640283045784e-06,Last 8 columns are added by Roaya
135,147.0,Liberia,238,0.0,23.0,0.0,128.0,87.0,0.0,47.0,5.0,0.0,0.0,5043216.0,2020-05-21 01:52:27.913081,-9.32207573,6.45278492,151.0,0.152317880794702,0.09663865546218488,6.430356050092048e-05,6.214209628240215e-06,Last 8 columns are added by Roaya
136,150.0,Myanmar,199,0.0,6.0,0.0,108.0,85.0,0.0,4.0,0.1,15838.0,291.0,54368782.0,2020-05-21 01:52:27.913081,96.48843321,21.18566599,114.0,0.05263157894736842,0.03015075376884422,4.854705892122473e-05,1.463730419735419e-06,Last 8 columns are added by Roaya
137,153.0,Yemen,184,0.0,30.0,0.0,5.0,149.0,0.0,6.0,1.0,120.0,4.0,29746579.0,2020-05-21 01:52:27.913081,47.58676189,15.90928005,35.0,0.8571428571428571,0.16304347826086957,1.4904798791604085e-05,2.4301302377615357e-06,Last 8 columns are added by Roaya
138,154.0,Mozambique,156,0.0,0.0,0.0,48.0,108.0,0.0,5.0,0.0,6769.0,217.0,31146622.0,2020-05-21 01:52:27.913081,35.53367543,-17.27381643,48.0,0.0,0.0,2.0440866914199888e-05,0.0,Last 8 columns are added by Roaya
139,157.0,Mauritania,141,0.0,4.0,0.0,7.0,130.0,0.0,30.0,0.9,2583.0,557.0,4634593.0,2020-05-21 01:52:27.913081,-10.34779815,20.25736706,11.0,0.36363636363636365,0.028368794326241134,4.684365334504141e-06,1.3288979672352172e-07,Last 8 columns are added by Roaya
140,158.0,Brunei,141,0.0,1.0,0.0,136.0,4.0,2.0,323.0,2.0,17718.0,40545.0,437001.0,2020-05-21 01:52:27.913081,114.7220304,4.51968958,137.0,0.0072992700729927005,0.0070921985815602835,5.834164098427884e-05,4.137705034346017e-07,Last 8 columns are added by Roaya
141,159.0,Mongolia,140,0.0,0.0,0.0,26.0,114.0,27.0,43.0,0.0,11750.0,3591.0,3272084.0,2020-05-21 01:52:27.913081,103.0529977,46.82681544,26.0,0.0,0.0,1.1072136245191605e-05,0.0,Last 8 columns are added by Roaya
142,160.0,Benin,130,0.0,2.0,0.0,57.0,71.0,0.0,11.0,0.2,26431.0,2187.0,12084074.0,2020-05-21 01:52:27.913081,2.32785254,9.6417597,59.0,0.03389830508474576,0.015384615384615385,2.5125232248704027e-05,3.8654203459544657e-07,Last 8 columns are added by Roaya
143,161.0,Guyana,125,0.0,10.0,0.0,47.0,68.0,3.0,159.0,13.0,1295.0,1647.0,786129.0,2020-05-21 01:52:27.913081,-58.98202459,4.79378034,57.0,0.17543859649122806,0.08,2.4273529460612366e-05,1.9418823568489895e-06,Last 8 columns are added by Roaya
144,162.0,Bermuda,125,0.0,9.0,0.0,80.0,36.0,2.0,2006.0,144.0,5719.0,91793.0,62303.0,2020-05-21 01:52:27.913081,-64.7545589,32.31367802,89.0,0.10112359550561797,0.072,3.7900774070078956e-05,2.728855733045685e-06,Last 8 columns are added by Roaya
145,163.0,Cambodia,122,0.0,0.0,0.0,122.0,0.0,0.0,7.0,0.0,15572.0,933.0,16692053.0,2020-05-21 01:52:27.913081,104.9069433,12.72004786,122.0,0.0,0.0,5.1953870073591376e-05,0.0,Last 8 columns are added by Roaya
146,164.0,Trinidad and Tobago,116,0.0,8.0,0.0,107.0,1.0,0.0,83.0,6.0,2785.0,1991.0,1398987.0,2020-05-21 01:52:27.913081,-61.26567923,10.45733408,115.0,0.06956521739130435,0.06896551724137931,4.897291031527056e-05,3.377442090708315e-06,Last 8 columns are added by Roaya
147,166.0,Aruba,101,0.0,3.0,0.0,95.0,3.0,4.0,946.0,28.0,2048.0,19191.0,106716.0,2020-05-21 01:52:27.913081,-69.98267711,12.52088038,98.0,0.030612244897959183,0.0297029702970297,4.173343661649144e-05,1.239607028212617e-06,Last 8 columns are added by Roaya
148,167.0,Bahamas,97,0.0,11.0,0.0,43.0,43.0,1.0,247.0,28.0,1826.0,4648.0,392816.0,2020-05-21 01:52:27.913081,-76.62843038,24.29036702,54.0,0.2037037037037037,0.1134020618556701,2.299597527847487e-05,2.6077910109610678e-06,Last 8 columns are added by Roaya
149,168.0,Monaco,97,0.0,4.0,0.0,90.0,3.0,1.0,2474.0,102.0,0.0,0.0,39211.0,2020-05-21 01:52:27.913081,7.40627677,43.75274627,94.0,0.0425531914893617,0.041237113402061855,4.003003104030811e-05,1.6507229294972416e-06,Last 8 columns are added by Roaya
150,169.0,Barbados,90,0.0,7.0,0.0,70.0,13.0,4.0,313.0,24.0,4322.0,15042.0,287336.0,2020-05-21 01:52:27.913081,-59.559796999999996,13.18145428,77.0,0.09090909090909091,0.07777777777777778,3.279055734152898e-05,2.550376682118921e-06,Last 8 columns are added by Roaya
151,170.0,Liechtenstein,82,0.0,1.0,0.0,55.0,26.0,0.0,2151.0,26.0,900.0,23612.0,38116.0,2020-05-21 01:52:27.913081,9.53574312,47.13665835,56.0,0.017857142857142856,0.012195121951219513,2.3847678066566536e-05,2.9082534227520165e-07,Last 8 columns are added by Roaya
152,171.0,Sint Maarten,77,0.0,15.0,0.0,54.0,8.0,7.0,1798.0,350.0,425.0,9925.0,42820.0,2020-05-21 01:52:27.913081,-63.05713363,18.05081728,69.0,0.21739130434782608,0.19480519480519481,2.938374618916234e-05,5.72410640048617e-06,Last 8 columns are added by Roaya
153,172.0,Malawi,71,0.0,3.0,0.0,27.0,41.0,1.0,4.0,0.2,1803.0,95.0,19069143.0,2020-05-21 01:52:27.913081,34.28935599,-13.21808088,30.0,0.1,0.04225352112676056,1.2775541821374929e-05,5.398116262552787e-07,Last 8 columns are added by Roaya
154,173.0,Libya,69,0.0,3.0,0.0,35.0,31.0,0.0,10.0,0.4,3633.0,530.0,6860437.0,2020-05-21 01:52:27.913081,18.00866169,27.03094495,38.0,0.07894736842105263,0.043478260869565216,1.6182352973741576e-05,7.035805640757207e-07,Last 8 columns are added by Roaya
155,175.0,Syria,58,0.0,3.0,0.0,36.0,19.0,0.0,3.0,0.2,0.0,0.0,17448736.0,2020-05-21 01:52:27.913081,38.50788204,35.02547389,39.0,0.07692307692307693,0.05172413793103448,1.6608204367787407e-05,8.590450535062451e-07,Last 8 columns are added by Roaya
156,176.0,Angola,52,0.0,3.0,0.0,17.0,32.0,0.0,2.0,0.09,6136.0,187.0,32737396.0,2020-05-21 01:52:27.913081,17.53736768,-12.29336054,20.0,0.15,0.057692307692307696,8.51702788091662e-06,4.91366993129805e-07,Last 8 columns are added by Roaya
157,177.0,Zimbabwe,48,0.0,4.0,0.0,18.0,26.0,0.0,3.0,0.3,28019.0,1888.0,14837674.0,2020-05-21 01:52:27.913081,29.8514412,-19.00420419,22.0,0.18181818181818182,0.08333333333333333,9.368730669008281e-06,7.8072755575069e-07,Last 8 columns are added by Roaya
158,178.0,Macao,45,0.0,0.0,0.0,45.0,0.0,0.0,69.0,0.0,0.0,0.0,648306.0,2020-05-21 01:52:27.913081,113.5093212,22.22311688,45.0,0.0,0.0,1.9163312732062393e-05,0.0,Last 8 columns are added by Roaya
159,179.0,Burundi,42,0.0,1.0,0.0,20.0,21.0,0.0,4.0,0.08,284.0,24.0,11846415.0,2020-05-21 01:52:27.913081,29.87512156,-3.35939666,21.0,0.047619047619047616,0.023809523809523808,8.942879274962451e-06,2.129256970229155e-07,Last 8 columns are added by Roaya
160,181.0,Eritrea,39,0.0,0.0,0.0,39.0,0.0,0.0,11.0,0.0,0.0,0.0,3540712.0,2020-05-21 01:52:27.913081,38.84617011,15.36186618,39.0,0.0,0.0,1.6608204367787407e-05,0.0,Last 8 columns are added by Roaya
161,182.0,Comoros,34,0.0,1.0,0.0,8.0,25.0,0.0,39.0,1.0,0.0,0.0,867370.0,2020-05-21 01:52:27.913081,43.68253968,-11.87783444,9.0,0.1111111111111111,0.029411764705882353,3.832662546412479e-06,1.1272536901213172e-07,Last 8 columns are added by Roaya
162,183.0,Botswana,29,4.0,1.0,0.0,17.0,11.0,0.0,12.0,0.4,14855.0,6332.0,2345938.0,2020-05-21 01:52:27.913081,23.79853368,-22.18403213,18.0,0.05555555555555555,0.034482758620689655,7.665325092824958e-06,2.643215549249985e-07,Last 8 columns are added by Roaya
163,185.0,Gambia,24,0.0,1.0,0.0,13.0,10.0,0.0,10.0,0.4,1476.0,613.0,2408228.0,2020-05-21 01:52:27.913081,-15.39601295,13.44965244,14.0,0.07142857142857142,0.041666666666666664,5.961919516641634e-06,2.484133131934014e-07,Last 8 columns are added by Roaya
164,186.0,Timor-Leste,24,0.0,0.0,0.0,24.0,0.0,0.0,18.0,0.0,738.0,561.0,1315452.0,2020-05-21 01:52:27.913081,125.8443898,-8.82889162,24.0,0.0,0.0,1.0220433457099944e-05,0.0,Last 8 columns are added by Roaya
165,187.0,Grenada,22,0.0,0.0,0.0,17.0,5.0,4.0,196.0,0.0,3007.0,26737.0,112465.0,2020-05-21 01:52:27.913081,-61.68220189,12.11725044,17.0,0.0,0.0,7.239473698779126e-06,0.0,Last 8 columns are added by Roaya
166,188.0,Bhutan,21,0.0,0.0,0.0,6.0,15.0,0.0,27.0,0.0,14527.0,18851.0,770633.0,2020-05-21 01:52:27.913081,90.40188155,27.41106589,6.0,0.0,0.0,2.555108364274986e-06,0.0,Last 8 columns are added by Roaya
167,190.0,Belize,18,0.0,2.0,0.0,16.0,0.0,0.0,45.0,5.0,1363.0,3435.0,396771.0,2020-05-21 01:52:27.913081,-88.71010486,17.20027509,18.0,0.1111111111111111,0.1111111111111111,7.665325092824958e-06,8.517027880916619e-07,Last 8 columns are added by Roaya
168,191.0,Fiji,18,0.0,0.0,0.0,15.0,3.0,0.0,20.0,0.0,1300.0,1451.0,895713.0,2020-05-21 01:52:27.913081,165.4519543,-17.42858032,15.0,0.0,0.0,6.3877709106874644e-06,0.0,Last 8 columns are added by Roaya
169,192.0,New Caledonia,18,0.0,0.0,0.0,18.0,0.0,0.0,63.0,0.0,5454.0,19124.0,285185.0,2020-05-21 01:52:27.913081,165.68492369999998,-21.29991806,18.0,0.0,0.0,7.665325092824958e-06,0.0,Last 8 columns are added by Roaya
170,193.0,Saint Lucia,18,0.0,0.0,0.0,18.0,0.0,0.0,98.0,0.0,786.0,4283.0,183534.0,2020-05-21 01:52:27.913081,-60.96969923,13.89479481,18.0,0.0,0.0,7.665325092824958e-06,0.0,Last 8 columns are added by Roaya
171,196.0,Dominica,16,0.0,0.0,0.0,16.0,0.0,0.0,222.0,0.0,433.0,6017.0,71966.0,2020-05-21 01:52:27.913081,-61.357726,15.439470199999999,16.0,0.0,0.0,6.813622304733296e-06,0.0,Last 8 columns are added by Roaya
172,197.0,Namibia,16,0.0,0.0,0.0,14.0,2.0,0.0,6.0,0.0,2586.0,1020.0,2535445.0,2020-05-21 01:52:27.913081,17.20963567,-22.13032568,14.0,0.0,0.0,5.961919516641634e-06,0.0,Last 8 columns are added by Roaya
173,202.0,Montserrat,11,0.0,1.0,0.0,10.0,0.0,0.0,2204.0,200.0,36.0,7212.0,4992.0,2020-05-21 01:52:27.913081,-62.18518546,16.73941406,11.0,0.09090909090909091,0.09090909090909091,4.684365334504141e-06,4.25851394045831e-07,Last 8 columns are added by Roaya
174,203.0,Suriname,11,0.0,1.0,0.0,9.0,1.0,0.0,19.0,2.0,404.0,689.0,586035.0,2020-05-21 01:52:27.913081,-55.9123457,4.13055413,10.0,0.1,0.09090909090909091,4.25851394045831e-06,3.8713763095075546e-07,Last 8 columns are added by Roaya
175,204.0,Greenland,11,0.0,0.0,0.0,11.0,0.0,0.0,194.0,0.0,1767.0,31132.0,56759.0,2020-05-21 01:52:27.913081,-41.34191127,74.71051289,11.0,0.0,0.0,4.684365334504141e-06,0.0,Last 8 columns are added by Roaya
176,205.0,Seychelles,11,0.0,0.0,0.0,11.0,0.0,0.0,112.0,0.0,0.0,0.0,98279.0,2020-05-21 01:52:27.913081,55.47603279,-4.66099094,11.0,0.0,0.0,4.684365334504141e-06,0.0,Last 8 columns are added by Roaya
177,208.0,Papua New Guinea,8,0.0,0.0,0.0,8.0,0.0,0.0,0.9,0.0,2402.0,269.0,8926835.0,2020-05-21 01:52:27.913081,145.2074475,-6.46416646,8.0,0.0,0.0,3.406811152366648e-06,0.0,Last 8 columns are added by Roaya
178,212.0,Anguilla,3,0.0,0.0,0.0,3.0,0.0,0.0,200.0,0.0,0.0,0.0,14988.0,2020-05-21 01:52:27.913081,-63.06498927,18.2239595,3.0,0.0,0.0,1.277554182137493e-06,0.0,Last 8 columns are added by Roaya
179,213.0,Lesotho,1,0.0,0.0,0.0,0.0,1.0,0.0,0.5,0.0,0.0,0.0,2140328.0,2020-05-21 01:52:27.913081,28.22723131,-29.58003188,0.0,0.0,0.0,0.0,0.0,Last 8 columns are added by Roaya
180,215.0,China,82967,2.0,4634.0,0.0,78249.0,84.0,8.0,58.0,3.0,0.0,0.0,1439323776.0,2020-05-21 01:52:27.913081,103.8190735,36.56176546,82883.0,0.05591013838784793,0.055853532127231306,0.035295841092700606,0.001971397394428804,Last 8 columns are added by Roaya
