,date,Afghanistan,Albania,Algeria,Andorra,Angola,Antigua and Barbuda,Argentina,Armenia,Australia,Austria,Azerbaijan,Bahamas,Bahrain,Bangladesh,Barbados,Belarus,Belgium,Benin,Bhutan,Bolivia,Bosnia and Herzegovina,Brazil,Brunei,Bulgaria,Burkina Faso,Cabo Verde,Cambodia,Cameroon,Canada,Central African Republic,Chad,Chile,China,Colombia,Congo (Brazzaville),Congo (Kinshasa),Costa Rica,Cote d'Ivoire,Croatia,Diamond Princess,Cuba,Cyprus,Czechia,Denmark,Djibouti,Dominican Republic,Ecuador,Egypt,El Salvador,Equatorial Guinea,Eritrea,Estonia,Eswatini,Ethiopia,Fiji,Finland,France,Gabon,Gambia,Georgia,Germany,Ghana,Greece,Guatemala,Guinea,Guyana,Haiti,Holy See,Honduras,Hungary,Iceland,India,Indonesia,Iran,Iraq,Ireland,Israel,Italy,Jamaica,Japan,Jordan,Kazakhstan,Kenya,"Korea, South",Kuwait,Kyrgyzstan,Latvia,Lebanon,Liberia,Liechtenstein,Lithuania,Luxembourg,Madagascar,Malaysia,Maldives,Malta,Mauritania,Mauritius,Mexico,Moldova,Monaco,Mongolia,Montenegro,Morocco,Namibia,Nepal,Netherlands,New Zealand,Nicaragua,Niger,Nigeria,North Macedonia,Norway,Oman,Pakistan,Panama,Papua New Guinea,Paraguay,Peru,Philippines,Poland,Portugal,Qatar,Romania,Russia,Rwanda,Saint Lucia,Saint Vincent and the Grenadines,San Marino,Saudi Arabia,Senegal,Serbia,Seychelles,Singapore,Slovakia,Slovenia,Somalia,South Africa,Spain,Sri Lanka,Sudan,Suriname,Sweden,Switzerland,Taiwan*,Tanzania,Thailand,Togo,Trinidad and Tobago,Tunisia,Turkey,Uganda,Ukraine,United Arab Emirates,United Kingdom,Uruguay,US,Uzbekistan,Venezuela,Vietnam,Zambia,Zimbabwe,Dominica,Grenada,Mozambique,Syria,Timor-Leste,Belize,Laos,Libya,West Bank and Gaza,Guinea-Bissau,Mali,Saint Kitts and Nevis,Kosovo,Burma,MS Zaandam,Botswana,Burundi,Sierra Leone
0,2020-1-22,0.0,0.0,0.0,0.0,0.0,0.0,0.0,0.0,0.0,0.0,0.0,0.0,0.0,0.0,0.0,0.0,0.0,0.0,0.0,0.0,0.0,0.0,0.0,0.0,0.0,0.0,0.0,0.0,0.0,0.0,0.0,0.0,548.0,0.0,0.0,0.0,0.0,0.0,0.0,0.0,0.0,0.0,0.0,0.0,0.0,0.0,0.0,0.0,0.0,0.0,0.0,0.0,0.0,0.0,0.0,0.0,0.0,0.0,0.0,0.0,0.0,0.0,0.0,0.0,0.0,0.0,0.0,0.0,0.0,0.0,0.0,0.0,0.0,0.0,0.0,0.0,0.0,0.0,0.0,2.0,0.0,0.0,0.0,1.0,0.0,0.0,0.0,0.0,0.0,0.0,0.0,0.0,0.0,0.0,0.0,0.0,0.0,0.0,0.0,0.0,0.0,0.0,0.0,0.0,0.0,0.0,0.0,0.0,0.0,0.0,0.0,0.0,0.0,0.0,0.0,0.0,0.0,0.0,0.0,0.0,0.0,0.0,0.0,0.0,0.0,0.0,0.0,0.0,0.0,0.0,0.0,0.0,0.0,0.0,0.0,0.0,0.0,0.0,0.0,0.0,0.0,0.0,0.0,0.0,1.0,0.0,2.0,0.0,0.0,0.0,0.0,0.0,0.0,0.0,0.0,0.0,1.0,0.0,0.0,0.0,0.0,0.0,0.0,0.0,0.0,0.0,0.0,0.0,0.0,0.0,0.0,0.0,0.0,0.0,0.0,0.0,0.0,0.0,0.0,0.0
1,2020-1-23,0.0,0.0,0.0,0.0,0.0,0.0,0.0,0.0,0.0,0.0,0.0,0.0,0.0,0.0,0.0,0.0,0.0,0.0,0.0,0.0,0.0,0.0,0.0,0.0,0.0,0.0,0.0,0.0,0.0,0.0,0.0,0.0,0.17335766423357665,0.0,0.0,0.0,0.0,0.0,0.0,0.0,0.0,0.0,0.0,0.0,0.0,0.0,0.0,0.0,0.0,0.0,0.0,0.0,0.0,0.0,0.0,0.0,0.0,0.0,0.0,0.0,0.0,0.0,0.0,0.0,0.0,0.0,0.0,0.0,0.0,0.0,0.0,0.0,0.0,0.0,0.0,0.0,0.0,0.0,0.0,0.0,0.0,0.0,0.0,0.0,0.0,0.0,0.0,0.0,0.0,0.0,0.0,0.0,0.0,0.0,0.0,0.0,0.0,0.0,0.0,0.0,0.0,0.0,0.0,0.0,0.0,0.0,0.0,0.0,0.0,0.0,0.0,0.0,0.0,0.0,0.0,0.0,0.0,0.0,0.0,0.0,0.0,0.0,0.0,0.0,0.0,0.0,0.0,0.0,0.0,0.0,0.0,0.0,0.0,1.0,0.0,0.0,0.0,0.0,0.0,0.0,0.0,0.0,0.0,0.0,0.0,0.0,0.5,0.0,0.0,0.0,0.0,0.0,0.0,0.0,0.0,0.0,0.0,0.0,0.0,2.0,0.0,0.0,0.0,0.0,0.0,0.0,0.0,0.0,0.0,0.0,0.0,0.0,0.0,0.0,0.0,0.0,0.0,0.0,0.0,0.0
2,2020-1-24,0.0,0.0,0.0,0.0,0.0,0.0,0.0,0.0,0.0,0.0,0.0,0.0,0.0,0.0,0.0,0.0,0.0,0.0,0.0,0.0,0.0,0.0,0.0,0.0,0.0,0.0,0.0,0.0,0.0,0.0,0.0,0.0,2.9157894736842107,0.0,0.0,0.0,0.0,0.0,0.0,0.0,0.0,0.0,0.0,0.0,0.0,0.0,0.0,0.0,0.0,0.0,0.0,0.0,0.0,0.0,0.0,0.0,2.0,0.0,0.0,0.0,0.0,0.0,0.0,0.0,0.0,0.0,0.0,0.0,0.0,0.0,0.0,0.0,0.0,0.0,0.0,0.0,0.0,0.0,0.0,0.0,0.0,0.0,0.0,1.0,0.0,0.0,0.0,0.0,0.0,0.0,0.0,0.0,0.0,0.0,0.0,0.0,0.0,0.0,0.0,0.0,0.0,0.0,0.0,0.0,0.0,0.0,0.0,0.0,0.0,0.0,0.0,0.0,0.0,0.0,0.0,0.0,0.0,0.0,0.0,0.0,0.0,0.0,0.0,0.0,0.0,0.0,0.0,0.0,0.0,0.0,0.0,0.0,0.0,2.0,0.0,0.0,0.0,0.0,0.0,0.0,0.0,0.0,0.0,0.0,2.0,0.0,2.0,0.0,0.0,0.0,0.0,0.0,0.0,0.0,0.0,0.0,1.0,0.0,0.0,0.0,0.0,0.0,0.0,0.0,0.0,0.0,0.0,0.0,0.0,0.0,0.0,0.0,0.0,0.0,0.0,0.0,0.0,0.0,0.0,0.0
3,2020-1-25,0.0,0.0,0.0,0.0,0.0,0.0,0.0,0.0,0.0,0.0,0.0,0.0,0.0,0.0,0.0,0.0,0.0,0.0,0.0,0.0,0.0,0.0,0.0,0.0,0.0,0.0,0.0,0.0,0.0,0.0,0.0,0.0,1.7545126353790614,0.0,0.0,0.0,0.0,0.0,0.0,0.0,0.0,0.0,0.0,0.0,0.0,0.0,0.0,0.0,0.0,0.0,0.0,0.0,0.0,0.0,0.0,0.0,0.5,0.0,0.0,0.0,0.0,0.0,0.0,0.0,0.0,0.0,0.0,0.0,0.0,0.0,0.0,0.0,0.0,0.0,0.0,0.0,0.0,0.0,0.0,0.0,0.0,0.0,0.0,0.0,0.0,0.0,0.0,0.0,0.0,0.0,0.0,0.0,0.0,3.0,0.0,0.0,0.0,0.0,0.0,0.0,0.0,0.0,0.0,0.0,0.0,1.0,0.0,0.0,0.0,0.0,0.0,0.0,0.0,0.0,0.0,0.0,0.0,0.0,0.0,0.0,0.0,0.0,0.0,0.0,0.0,0.0,0.0,0.0,0.0,0.0,0.0,0.0,0.0,0.0,0.0,0.0,0.0,0.0,0.0,0.0,0.0,0.0,0.0,0.0,0.0,0.0,1.0,0.0,0.0,0.0,0.0,0.0,0.0,0.0,0.0,0.0,0.0,0.0,0.0,0.0,0.0,0.0,0.0,0.0,0.0,0.0,0.0,0.0,0.0,0.0,0.0,0.0,0.0,0.0,0.0,0.0,0.0,0.0,0.0,0.0
4,2020-1-26,0.0,0.0,0.0,0.0,0.0,0.0,0.0,0.0,4.0,0.0,0.0,0.0,0.0,0.0,0.0,0.0,0.0,0.0,0.0,0.0,0.0,0.0,0.0,0.0,0.0,0.0,0.0,0.0,1.0,0.0,0.0,0.0,1.376543209876543,0.0,0.0,0.0,0.0,0.0,0.0,0.0,0.0,0.0,0.0,0.0,0.0,0.0,0.0,0.0,0.0,0.0,0.0,0.0,0.0,0.0,0.0,0.0,0.0,0.0,0.0,0.0,0.0,0.0,0.0,0.0,0.0,0.0,0.0,0.0,0.0,0.0,0.0,0.0,0.0,0.0,0.0,0.0,0.0,0.0,0.0,2.0,0.0,0.0,0.0,1.0,0.0,0.0,0.0,0.0,0.0,0.0,0.0,0.0,0.0,0.3333333333333333,0.0,0.0,0.0,0.0,0.0,0.0,0.0,0.0,0.0,0.0,0.0,0.0,0.0,0.0,0.0,0.0,0.0,0.0,0.0,0.0,0.0,0.0,0.0,0.0,0.0,0.0,0.0,0.0,0.0,0.0,0.0,0.0,0.0,0.0,0.0,0.0,0.0,0.0,0.0,1.0,0.0,0.0,0.0,0.0,0.0,0.0,0.0,0.0,0.0,0.0,1.0,0.0,0.5,0.0,0.0,0.0,0.0,0.0,0.0,0.0,0.0,0.0,3.0,0.0,0.0,0.0,0.0,0.0,0.0,0.0,0.0,0.0,0.0,0.0,0.0,0.0,0.0,0.0,0.0,0.0,0.0,0.0,0.0,0.0,0.0,0.0
5,2020-1-27,0.0,0.0,0.0,0.0,0.0,0.0,0.0,0.0,0.25,0.0,0.0,0.0,0.0,0.0,0.0,0.0,0.0,0.0,0.0,0.0,0.0,0.0,0.0,0.0,0.0,0.0,1.0,0.0,0.0,0.0,0.0,0.0,1.1988041853512705,0.0,0.0,0.0,0.0,0.0,0.0,0.0,0.0,0.0,0.0,0.0,0.0,0.0,0.0,0.0,0.0,0.0,0.0,0.0,0.0,0.0,0.0,0.0,0.0,0.0,0.0,0.0,1.0,0.0,0.0,0.0,0.0,0.0,0.0,0.0,0.0,0.0,0.0,0.0,0.0,0.0,0.0,0.0,0.0,0.0,0.0,0.0,0.0,0.0,0.0,1.0,0.0,0.0,0.0,0.0,0.0,0.0,0.0,0.0,0.0,0.0,0.0,0.0,0.0,0.0,0.0,0.0,0.0,0.0,0.0,0.0,0.0,0.0,0.0,0.0,0.0,0.0,0.0,0.0,0.0,0.0,0.0,0.0,0.0,0.0,0.0,0.0,0.0,0.0,0.0,0.0,0.0,0.0,0.0,0.0,0.0,0.0,0.0,0.0,0.0,1.0,0.0,0.0,0.0,0.0,0.0,1.0,0.0,0.0,0.0,0.0,1.0,0.0,0.0,0.0,0.0,0.0,0.0,0.0,0.0,0.0,0.0,0.0,0.0,0.0,0.0,0.0,0.0,0.0,0.0,0.0,0.0,0.0,0.0,0.0,0.0,0.0,0.0,0.0,0.0,0.0,0.0,0.0,0.0,0.0,0.0,0.0
6,2020-1-28,0.0,0.0,0.0,0.0,0.0,0.0,0.0,0.0,0.0,0.0,0.0,0.0,0.0,0.0,0.0,0.0,0.0,0.0,0.0,0.0,0.0,0.0,0.0,0.0,0.0,0.0,0.0,0.0,1.0,0.0,0.0,0.0,3.281795511221945,0.0,0.0,0.0,0.0,0.0,0.0,0.0,0.0,0.0,0.0,0.0,0.0,0.0,0.0,0.0,0.0,0.0,0.0,0.0,0.0,0.0,0.0,0.0,1.0,0.0,0.0,0.0,3.0,0.0,0.0,0.0,0.0,0.0,0.0,0.0,0.0,0.0,0.0,0.0,0.0,0.0,0.0,0.0,0.0,0.0,0.0,3.0,0.0,0.0,0.0,0.0,0.0,0.0,0.0,0.0,0.0,0.0,0.0,0.0,0.0,0.0,0.0,0.0,0.0,0.0,0.0,0.0,0.0,0.0,0.0,0.0,0.0,0.0,0.0,0.0,0.0,0.0,0.0,0.0,0.0,0.0,0.0,0.0,0.0,0.0,0.0,0.0,0.0,0.0,0.0,0.0,0.0,0.0,0.0,0.0,0.0,0.0,0.0,0.0,0.0,2.0,0.0,0.0,0.0,0.0,0.0,0.0,0.0,0.0,0.0,0.0,3.0,0.0,6.0,0.0,0.0,0.0,0.0,0.0,0.0,0.0,0.0,0.0,0.0,0.0,0.0,0.0,0.0,0.0,0.0,0.0,0.0,0.0,0.0,0.0,0.0,0.0,0.0,0.0,0.0,0.0,0.0,0.0,0.0,0.0,0.0,0.0
7,2020-1-29,0.0,0.0,0.0,0.0,0.0,0.0,0.0,0.0,1.0,0.0,0.0,0.0,0.0,0.0,0.0,0.0,0.0,0.0,0.0,0.0,0.0,0.0,0.0,0.0,0.0,0.0,0.0,0.0,0.0,0.0,0.0,0.0,0.2196048632218845,0.0,0.0,0.0,0.0,0.0,0.0,0.0,0.0,0.0,0.0,0.0,0.0,0.0,0.0,0.0,0.0,0.0,0.0,0.0,0.0,0.0,0.0,1.0,1.0,0.0,0.0,0.0,0.0,0.0,0.0,0.0,0.0,0.0,0.0,0.0,0.0,0.0,0.0,0.0,0.0,0.0,0.0,0.0,0.0,0.0,0.0,0.0,0.0,0.0,0.0,0.0,0.0,0.0,0.0,0.0,0.0,0.0,0.0,0.0,0.0,3.0,0.0,0.0,0.0,0.0,0.0,0.0,0.0,0.0,0.0,0.0,0.0,0.0,0.0,0.0,0.0,0.0,0.0,0.0,0.0,0.0,0.0,0.0,0.0,0.0,0.0,0.0,0.0,0.0,0.0,0.0,0.0,0.0,0.0,0.0,0.0,0.0,0.0,0.0,0.0,0.0,0.0,0.0,0.0,0.0,0.0,0.0,0.0,0.0,0.0,0.0,0.0,0.0,0.0,0.0,0.0,0.0,0.0,0.0,0.0,4.0,0.0,0.0,0.0,0.0,0.0,0.0,0.0,0.0,0.0,0.0,0.0,0.0,0.0,0.0,0.0,0.0,0.0,0.0,0.0,0.0,0.0,0.0,0.0,0.0,0.0,0.0
8,2020-1-30,0.0,0.0,0.0,0.0,0.0,0.0,0.0,0.0,3.0,0.0,0.0,0.0,0.0,0.0,0.0,0.0,0.0,0.0,0.0,0.0,0.0,0.0,0.0,0.0,0.0,0.0,0.0,0.0,0.0,0.0,0.0,0.0,3.5536332179930796,0.0,0.0,0.0,0.0,0.0,0.0,0.0,0.0,0.0,0.0,0.0,0.0,0.0,0.0,0.0,0.0,0.0,0.0,0.0,0.0,0.0,0.0,0.0,0.0,0.0,0.0,0.0,0.0,0.0,0.0,0.0,0.0,0.0,0.0,0.0,0.0,0.0,0.0,1.0,0.0,0.0,0.0,0.0,0.0,0.0,0.0,4.0,0.0,0.0,0.0,0.0,0.0,0.0,0.0,0.0,0.0,0.0,0.0,0.0,0.0,0.3333333333333333,0.0,0.0,0.0,0.0,0.0,0.0,0.0,0.0,0.0,0.0,0.0,0.0,0.0,0.0,0.0,0.0,0.0,0.0,0.0,0.0,0.0,0.0,0.0,0.0,0.0,1.0,0.0,0.0,0.0,0.0,0.0,0.0,0.0,0.0,0.0,0.0,0.0,0.0,0.0,3.0,0.0,0.0,0.0,0.0,0.0,0.0,0.0,0.0,0.0,0.0,1.0,0.0,0.0,0.0,0.0,0.0,0.0,0.0,0.0,0.0,0.0,0.0,0.0,0.0,0.0,0.0,0.0,0.0,0.0,0.0,0.0,0.0,0.0,0.0,0.0,0.0,0.0,0.0,0.0,0.0,0.0,0.0,0.0,0.0,0.0,0.0
9,2020-1-31,0.0,0.0,0.0,0.0,0.0,0.0,0.0,0.0,0.0,0.0,0.0,0.0,0.0,0.0,0.0,0.0,0.0,0.0,0.0,0.0,0.0,0.0,0.0,0.0,0.0,0.0,0.0,0.0,2.0,0.0,0.0,0.0,0.808666017526777,0.0,0.0,0.0,0.0,0.0,0.0,0.0,0.0,0.0,0.0,0.0,0.0,0.0,0.0,0.0,0.0,0.0,0.0,0.0,0.0,0.0,0.0,0.0,0.0,0.0,0.0,0.0,1.0,0.0,0.0,0.0,0.0,0.0,0.0,0.0,0.0,0.0,0.0,0.0,0.0,0.0,0.0,0.0,0.0,2.0,0.0,1.0,0.0,0.0,0.0,7.0,0.0,0.0,0.0,0.0,0.0,0.0,0.0,0.0,0.0,0.0,0.0,0.0,0.0,0.0,0.0,0.0,0.0,0.0,0.0,0.0,0.0,0.0,0.0,0.0,0.0,0.0,0.0,0.0,0.0,0.0,0.0,0.0,0.0,0.0,0.0,0.0,0.0,0.0,0.0,0.0,2.0,0.0,0.0,0.0,0.0,0.0,0.0,0.0,0.0,1.0,0.0,0.0,0.0,0.0,0.0,0.0,0.0,0.0,1.0,0.0,1.0,0.0,5.0,0.0,0.0,0.0,0.0,0.0,0.0,0.0,2.0,0.0,2.0,0.0,0.0,0.0,0.0,0.0,0.0,0.0,0.0,0.0,0.0,0.0,0.0,0.0,0.0,0.0,0.0,0.0,0.0,0.0,0.0,0.0,0.0,0.0
10,2020-2-1,0.0,0.0,0.0,0.0,0.0,0.0,0.0,0.0,3.0,0.0,0.0,0.0,0.0,0.0,0.0,0.0,0.0,0.0,0.0,0.0,0.0,0.0,0.0,0.0,0.0,0.0,0.0,0.0,0.0,0.0,0.0,0.0,1.2576760987357014,0.0,0.0,0.0,0.0,0.0,0.0,0.0,0.0,0.0,0.0,0.0,0.0,0.0,0.0,0.0,0.0,0.0,0.0,0.0,0.0,0.0,0.0,0.0,1.0,0.0,0.0,0.0,3.0,0.0,0.0,0.0,0.0,0.0,0.0,0.0,0.0,0.0,0.0,0.0,0.0,0.0,0.0,0.0,0.0,0.0,0.0,1.25,0.0,0.0,0.0,0.14285714285714285,0.0,0.0,0.0,0.0,0.0,0.0,0.0,0.0,0.0,0.0,0.0,0.0,0.0,0.0,0.0,0.0,0.0,0.0,0.0,0.0,0.0,0.0,0.0,0.0,0.0,0.0,0.0,0.0,0.0,0.0,0.0,0.0,0.0,0.0,0.0,0.0,0.0,0.0,0.0,0.0,0.0,0.0,0.0,0.0,0.0,0.0,0.0,0.0,0.0,1.0,0.0,0.0,0.0,0.0,1.0,0.0,0.0,0.0,0.0,0.0,0.0,0.0,0.0,0.0,0.0,0.0,0.0,0.0,0.0,0.0,0.0,0.0,0.5,0.0,0.0,4.0,0.0,0.0,0.0,0.0,0.0,0.0,0.0,0.0,0.0,0.0,0.0,0.0,0.0,0.0,0.0,0.0,0.0,0.0,0.0,0.0
11,2020-2-2,0.0,0.0,0.0,0.0,0.0,0.0,0.0,0.0,0.0,0.0,0.0,0.0,0.0,0.0,0.0,0.0,0.0,0.0,0.0,0.0,0.0,0.0,0.0,0.0,0.0,0.0,0.0,0.0,0.0,0.0,0.0,0.0,2.2685495452369553,0.0,0.0,0.0,0.0,0.0,0.0,0.0,0.0,0.0,0.0,0.0,0.0,0.0,0.0,0.0,0.0,0.0,0.0,0.0,0.0,0.0,0.0,0.0,0.0,0.0,0.0,0.0,0.6666666666666666,0.0,0.0,0.0,0.0,0.0,0.0,0.0,0.0,0.0,0.0,1.0,0.0,0.0,0.0,0.0,0.0,0.0,0.0,0.0,0.0,0.0,0.0,3.0,0.0,0.0,0.0,0.0,0.0,0.0,0.0,0.0,0.0,0.0,0.0,0.0,0.0,0.0,0.0,0.0,0.0,0.0,0.0,0.0,0.0,0.0,0.0,0.0,0.0,0.0,0.0,0.0,0.0,0.0,0.0,0.0,0.0,0.0,0.0,1.0,0.0,0.0,0.0,0.0,0.0,0.0,0.0,0.0,0.0,0.0,0.0,0.0,0.0,0.6666666666666666,0.0,0.0,0.0,0.0,0.0,0.0,0.0,0.0,0.0,0.0,0.0,0.0,0.0,0.0,0.0,0.0,0.0,0.0,0.0,1.0,0.0,0.0,0.0,0.0,0.0,0.0,0.0,0.0,0.0,0.0,0.0,0.0,0.0,0.0,0.0,0.0,0.0,0.0,0.0,0.0,0.0,0.0,0.0,0.0,0.0,0.0
12,2020-2-3,0.0,0.0,0.0,0.0,0.0,0.0,0.0,0.0,0.0,0.0,0.0,0.0,0.0,0.0,0.0,0.0,0.0,0.0,0.0,0.0,0.0,0.0,0.0,0.0,0.0,0.0,0.0,0.0,0.0,0.0,0.0,0.0,0.65119223464866,0.0,0.0,0.0,0.0,0.0,0.0,0.0,0.0,0.0,0.0,0.0,0.0,0.0,0.0,0.0,0.0,0.0,0.0,0.0,0.0,0.0,0.0,0.0,0.0,0.0,0.0,0.0,1.0,0.0,0.0,0.0,0.0,0.0,0.0,0.0,0.0,0.0,0.0,1.0,0.0,0.0,0.0,0.0,0.0,0.0,0.0,0.0,0.0,0.0,0.0,0.0,0.0,0.0,0.0,0.0,0.0,0.0,0.0,0.0,0.0,0.0,0.0,0.0,0.0,0.0,0.0,0.0,0.0,0.0,0.0,0.0,0.0,0.0,0.0,0.0,0.0,0.0,0.0,0.0,0.0,0.0,0.0,0.0,0.0,0.0,0.0,0.0,0.0,0.0,0.0,0.0,0.0,0.0,0.0,0.0,0.0,0.0,0.0,0.0,0.0,0.0,0.0,0.0,0.0,0.0,0.0,0.0,0.0,0.0,0.0,0.0,0.0,0.0,0.0,0.0,0.0,0.0,0.0,0.0,0.0,0.0,0.0,0.0,3.0,0.0,0.0,2.0,0.0,0.0,0.0,0.0,0.0,0.0,0.0,0.0,0.0,0.0,0.0,0.0,0.0,0.0,0.0,0.0,0.0,0.0,0.0,0.0
13,2020-2-4,0.0,0.0,0.0,0.0,0.0,0.0,0.0,0.0,1.0,0.0,0.0,0.0,0.0,0.0,0.0,0.0,1.0,0.0,0.0,0.0,0.0,0.0,0.0,0.0,0.0,0.0,0.0,0.0,0.0,0.0,0.0,0.0,1.2932598833441349,0.0,0.0,0.0,0.0,0.0,0.0,0.0,0.0,0.0,0.0,0.0,0.0,0.0,0.0,0.0,0.0,0.0,0.0,0.0,0.0,0.0,0.0,0.0,0.0,0.0,0.0,0.0,0.0,0.0,0.0,0.0,0.0,0.0,0.0,0.0,0.0,0.0,0.0,0.0,0.0,0.0,0.0,0.0,0.0,0.0,0.0,2.0,0.0,0.0,0.0,1.0,0.0,0.0,0.0,0.0,0.0,0.0,0.0,0.0,0.0,2.0,0.0,0.0,0.0,0.0,0.0,0.0,0.0,0.0,0.0,0.0,0.0,0.0,0.0,0.0,0.0,0.0,0.0,0.0,0.0,0.0,0.0,0.0,0.0,0.0,0.0,0.0,0.0,0.0,0.0,0.0,0.0,0.0,0.0,0.0,0.0,0.0,0.0,0.0,0.0,6.0,0.0,0.0,0.0,0.0,0.0,0.0,0.0,0.0,0.0,0.0,1.0,0.0,6.0,0.0,0.0,0.0,0.0,0.0,0.0,0.0,0.0,0.0,0.0,0.0,0.0,0.0,0.0,0.0,0.0,0.0,0.0,0.0,0.0,0.0,0.0,0.0,0.0,0.0,0.0,0.0,0.0,0.0,0.0,0.0,0.0,0.0
14,2020-2-5,0.0,0.0,0.0,0.0,0.0,0.0,0.0,0.0,0.0,0.0,0.0,0.0,0.0,0.0,0.0,0.0,0.0,0.0,0.0,0.0,0.0,0.0,0.0,0.0,0.0,0.0,0.0,0.0,1.0,0.0,0.0,0.0,0.9353545477323979,0.0,0.0,0.0,0.0,0.0,0.0,0.0,0.0,0.0,0.0,0.0,0.0,0.0,0.0,0.0,0.0,0.0,0.0,0.0,0.0,0.0,0.0,0.0,0.0,0.0,0.0,0.0,0.0,0.0,0.0,0.0,0.0,0.0,0.0,0.0,0.0,0.0,0.0,0.0,0.0,0.0,0.0,0.0,0.0,0.0,0.0,0.0,0.0,0.0,0.0,3.0,0.0,0.0,0.0,0.0,0.0,0.0,0.0,0.0,0.0,1.0,0.0,0.0,0.0,0.0,0.0,0.0,0.0,0.0,0.0,0.0,0.0,0.0,0.0,0.0,0.0,0.0,0.0,0.0,0.0,0.0,0.0,0.0,0.0,0.0,0.0,0.0,0.0,0.0,0.0,0.0,0.0,0.0,0.0,0.0,0.0,0.0,0.0,0.0,0.0,0.6666666666666666,0.0,0.0,0.0,0.0,0.0,0.0,0.0,0.0,0.0,0.0,0.0,0.0,0.0,0.0,0.0,0.0,0.0,0.0,0.0,0.0,0.0,0.0,0.0,0.0,0.0,0.0,0.0,0.0,0.0,0.0,0.0,0.0,0.0,0.0,0.0,0.0,0.0,0.0,0.0,0.0,0.0,0.0,0.0,0.0,0.0,0.0
15,2020-2-6,0.0,0.0,0.0,0.0,0.0,0.0,0.0,0.0,1.0,0.0,0.0,0.0,0.0,0.0,0.0,0.0,0.0,0.0,0.0,0.0,0.0,0.0,0.0,0.0,0.0,0.0,0.0,0.0,0.0,0.0,0.0,0.0,0.8430216983659256,0.0,0.0,0.0,0.0,0.0,0.0,0.0,0.0,0.0,0.0,0.0,0.0,0.0,0.0,0.0,0.0,0.0,0.0,0.0,0.0,0.0,0.0,0.0,0.0,0.0,0.0,0.0,0.0,0.0,0.0,0.0,0.0,0.0,0.0,0.0,0.0,0.0,0.0,0.0,0.0,0.0,0.0,0.0,0.0,0.0,0.0,0.0,0.0,0.0,0.0,1.3333333333333333,0.0,0.0,0.0,0.0,0.0,0.0,0.0,0.0,0.0,0.0,0.0,0.0,0.0,0.0,0.0,0.0,0.0,0.0,0.0,0.0,0.0,0.0,0.0,0.0,0.0,0.0,0.0,0.0,0.0,0.0,0.0,0.0,0.0,0.0,0.0,0.0,0.0,0.0,0.0,0.0,0.0,0.0,0.0,0.0,0.0,0.0,0.0,0.0,0.0,0.0,0.0,0.0,0.0,0.0,0.0,0.0,0.0,0.0,0.0,0.0,5.0,0.0,0.0,0.0,0.0,0.0,0.0,0.0,0.0,0.0,0.0,0.0,0.0,0.0,0.0,2.0,0.0,0.0,0.0,0.0,0.0,0.0,0.0,0.0,0.0,0.0,0.0,0.0,0.0,0.0,0.0,0.0,0.0,0.0,0.0,0.0
16,2020-2-7,0.0,0.0,0.0,0.0,0.0,0.0,0.0,0.0,1.0,0.0,0.0,0.0,0.0,0.0,0.0,0.0,0.0,0.0,0.0,0.0,0.0,0.0,0.0,0.0,0.0,0.0,0.0,0.0,2.0,0.0,0.0,0.0,1.1194788687639021,0.0,0.0,0.0,0.0,0.0,0.0,61.0,0.0,0.0,0.0,0.0,0.0,0.0,0.0,0.0,0.0,0.0,0.0,0.0,0.0,0.0,0.0,0.0,0.0,0.0,0.0,0.0,1.0,0.0,0.0,0.0,0.0,0.0,0.0,0.0,0.0,0.0,0.0,0.0,0.0,0.0,0.0,0.0,0.0,1.0,0.0,3.0,0.0,0.0,0.0,0.25,0.0,0.0,0.0,0.0,0.0,0.0,0.0,0.0,0.0,0.0,0.0,0.0,0.0,0.0,0.0,0.0,0.0,0.0,0.0,0.0,0.0,0.0,0.0,0.0,0.0,0.0,0.0,0.0,0.0,0.0,0.0,0.0,0.0,0.0,0.0,1.0,0.0,0.0,0.0,0.0,0.0,0.0,0.0,0.0,0.0,0.0,0.0,0.0,0.0,2.0,0.0,0.0,0.0,0.0,0.0,0.0,0.0,0.0,0.0,0.0,0.0,0.0,0.0,0.0,0.0,0.0,0.0,0.0,0.0,0.0,1.0,0.0,0.0,0.0,0.0,0.0,0.0,0.0,0.0,0.0,0.0,0.0,0.0,0.0,0.0,0.0,0.0,0.0,0.0,0.0,0.0,0.0,0.0,0.0,0.0,0.0
17,2020-2-8,0.0,0.0,0.0,0.0,0.0,0.0,0.0,0.0,0.0,0.0,0.0,0.0,0.0,0.0,0.0,0.0,0.0,0.0,0.0,0.0,0.0,0.0,0.0,0.0,0.0,0.0,0.0,0.0,0.0,0.0,0.0,0.0,0.7675276752767528,0.0,0.0,0.0,0.0,0.0,0.0,0.0,0.0,0.0,0.0,0.0,0.0,0.0,0.0,0.0,0.0,0.0,0.0,0.0,0.0,0.0,0.0,0.0,5.0,0.0,0.0,0.0,0.0,0.0,0.0,0.0,0.0,0.0,0.0,0.0,0.0,0.0,0.0,0.0,0.0,0.0,0.0,0.0,0.0,0.0,0.0,0.0,0.0,0.0,0.0,0.0,0.0,0.0,0.0,0.0,0.0,0.0,0.0,0.0,0.0,4.0,0.0,0.0,0.0,0.0,0.0,0.0,0.0,0.0,0.0,0.0,0.0,0.0,0.0,0.0,0.0,0.0,0.0,0.0,0.0,0.0,0.0,0.0,0.0,0.0,0.0,0.0,0.0,0.0,0.0,0.0,0.0,0.0,0.0,0.0,0.0,0.0,0.0,0.0,0.0,1.5,0.0,0.0,0.0,0.0,0.0,0.0,0.0,0.0,0.0,0.0,1.0,0.0,7.0,0.0,0.0,0.0,0.0,0.0,0.0,2.0,0.0,0.0,0.0,0.0,0.0,3.0,0.0,0.0,0.0,0.0,0.0,0.0,0.0,0.0,0.0,0.0,0.0,0.0,0.0,0.0,0.0,0.0,0.0,0.0,0.0,0.0
18,2020-2-9,0.0,0.0,0.0,0.0,0.0,0.0,0.0,0.0,0.0,0.0,0.0,0.0,0.0,0.0,0.0,0.0,0.0,0.0,0.0,0.0,0.0,0.0,0.0,0.0,0.0,0.0,0.0,0.0,0.0,0.0,0.0,0.0,1.1150147928994083,0.0,0.0,0.0,0.0,0.0,0.0,3.0,0.0,0.0,0.0,0.0,0.0,0.0,0.0,0.0,0.0,0.0,0.0,0.0,0.0,0.0,0.0,0.0,0.0,0.0,0.0,0.0,1.0,0.0,0.0,0.0,0.0,0.0,0.0,0.0,0.0,0.0,0.0,0.0,0.0,0.0,0.0,0.0,0.0,0.0,0.0,1.0,0.0,0.0,0.0,1.0,0.0,0.0,0.0,0.0,0.0,0.0,0.0,0.0,0.0,0.0,0.0,0.0,0.0,0.0,0.0,0.0,0.0,0.0,0.0,0.0,0.0,0.0,0.0,0.0,0.0,0.0,0.0,0.0,0.0,0.0,0.0,0.0,0.0,0.0,0.0,0.0,0.0,0.0,0.0,0.0,0.0,0.0,0.0,0.0,0.0,0.0,0.0,0.0,0.0,2.3333333333333335,0.0,0.0,0.0,0.0,1.0,0.0,0.0,0.0,0.0,0.0,1.0,0.0,0.0,0.0,0.0,0.0,0.0,0.0,0.0,0.0,0.0,0.0,0.0,0.0,0.0,0.0,0.0,0.0,0.0,0.0,0.0,0.0,0.0,0.0,0.0,0.0,0.0,0.0,0.0,0.0,0.0,0.0,0.0,0.0,0.0,0.0
19,2020-2-10,0.0,0.0,0.0,0.0,0.0,0.0,0.0,0.0,0.0,0.0,0.0,0.0,0.0,0.0,0.0,0.0,0.0,0.0,0.0,0.0,0.0,0.0,0.0,0.0,0.0,0.0,0.0,0.0,0.0,0.0,0.0,0.0,0.8374792703150912,0.0,0.0,0.0,0.0,0.0,0.0,23.666666666666668,0.0,0.0,0.0,0.0,0.0,0.0,0.0,0.0,0.0,0.0,0.0,0.0,0.0,0.0,0.0,0.0,0.0,0.0,0.0,0.0,0.0,0.0,0.0,0.0,0.0,0.0,0.0,0.0,0.0,0.0,0.0,0.0,0.0,0.0,0.0,0.0,0.0,0.0,0.0,0.0,0.0,0.0,0.0,2.0,0.0,0.0,0.0,0.0,0.0,0.0,0.0,0.0,0.0,2.0,0.0,0.0,0.0,0.0,0.0,0.0,0.0,0.0,0.0,0.0,0.0,0.0,0.0,0.0,0.0,0.0,0.0,0.0,0.0,0.0,0.0,0.0,0.0,0.0,0.0,0.0,0.0,0.0,0.0,0.0,0.0,0.0,0.0,0.0,0.0,0.0,0.0,0.0,0.0,0.7142857142857143,0.0,0.0,0.0,0.0,0.0,0.0,0.0,0.0,0.0,0.0,0.0,0.0,0.0,0.0,0.0,0.0,0.0,0.0,0.0,1.0,5.0,0.0,0.0,0.0,0.0,1.0,0.0,0.0,0.0,0.0,0.0,0.0,0.0,0.0,0.0,0.0,0.0,0.0,0.0,0.0,0.0,0.0,0.0,0.0,0.0,0.0
20,2020-2-11,0.0,0.0,0.0,0.0,0.0,0.0,0.0,0.0,0.0,0.0,0.0,0.0,0.0,0.0,0.0,0.0,0.0,0.0,0.0,0.0,0.0,0.0,0.0,0.0,0.0,0.0,0.0,0.0,0.0,0.0,0.0,0.0,0.8047524752475248,0.0,0.0,0.0,0.0,0.0,0.0,0.0,0.0,0.0,0.0,0.0,0.0,0.0,0.0,0.0,0.0,0.0,0.0,0.0,0.0,0.0,0.0,0.0,0.0,0.0,0.0,0.0,2.0,0.0,0.0,0.0,0.0,0.0,0.0,0.0,0.0,0.0,0.0,0.0,0.0,0.0,0.0,0.0,0.0,0.0,0.0,0.0,0.0,0.0,0.0,0.5,0.0,0.0,0.0,0.0,0.0,0.0,0.0,0.0,0.0,0.0,0.0,0.0,0.0,0.0,0.0,0.0,0.0,0.0,0.0,0.0,0.0,0.0,0.0,0.0,0.0,0.0,0.0,0.0,0.0,0.0,0.0,0.0,0.0,0.0,0.0,0.0,0.0,0.0,0.0,0.0,0.0,0.0,0.0,0.0,0.0,0.0,0.0,0.0,0.0,0.4,0.0,0.0,0.0,0.0,0.0,0.0,0.0,0.0,0.0,0.0,0.0,0.0,1.0,0.0,0.0,0.0,0.0,0.0,0.0,0.0,0.0,0.0,1.0,0.0,0.0,1.0,0.0,0.0,0.0,0.0,0.0,0.0,0.0,0.0,0.0,0.0,0.0,0.0,0.0,0.0,0.0,0.0,0.0,0.0,0.0,0.0
21,2020-2-12,0.0,0.0,0.0,0.0,0.0,0.0,0.0,0.0,0.0,0.0,0.0,0.0,0.0,0.0,0.0,0.0,0.0,0.0,0.0,0.0,0.0,0.0,0.0,0.0,0.0,0.0,0.0,0.0,0.0,0.0,0.0,0.0,0.18356299212598426,0.0,0.0,0.0,0.0,0.0,0.0,40.0,0.0,0.0,0.0,0.0,0.0,0.0,0.0,0.0,0.0,0.0,0.0,0.0,0.0,0.0,0.0,0.0,0.0,0.0,0.0,0.0,0.0,0.0,0.0,0.0,0.0,0.0,0.0,0.0,0.0,0.0,0.0,0.0,0.0,0.0,0.0,0.0,0.0,0.0,0.0,2.0,0.0,0.0,0.0,0.0,0.0,0.0,0.0,0.0,0.0,0.0,0.0,0.0,0.0,0.0,0.0,0.0,0.0,0.0,0.0,0.0,0.0,0.0,0.0,0.0,0.0,0.0,0.0,0.0,0.0,0.0,0.0,0.0,0.0,0.0,0.0,0.0,0.0,0.0,0.0,0.0,0.0,0.0,0.0,0.0,0.0,0.0,0.0,0.0,0.0,0.0,0.0,0.0,0.0,1.5,0.0,0.0,0.0,0.0,0.0,0.0,0.0,0.0,0.0,0.0,0.0,0.0,0.0,0.0,0.0,0.0,0.0,0.0,0.0,0.0,1.0,0.0,0.0,0.0,0.0,0.0,0.0,0.0,0.0,0.0,0.0,0.0,0.0,0.0,0.0,0.0,0.0,0.0,0.0,0.0,0.0,0.0,0.0,0.0,0.0,0.0
22,2020-2-13,0.0,0.0,0.0,0.0,0.0,0.0,0.0,0.0,0.0,0.0,0.0,0.0,0.0,0.0,0.0,0.0,0.0,0.0,0.0,0.0,0.0,0.0,0.0,0.0,0.0,0.0,0.0,0.0,0.0,0.0,0.0,0.0,40.579088471849865,0.0,0.0,0.0,0.0,0.0,0.0,0.0,0.0,0.0,0.0,0.0,0.0,0.0,0.0,0.0,0.0,0.0,0.0,0.0,0.0,0.0,0.0,0.0,0.0,0.0,0.0,0.0,0.0,0.0,0.0,0.0,0.0,0.0,0.0,0.0,0.0,0.0,0.0,0.0,0.0,0.0,0.0,0.0,0.0,0.0,0.0,0.0,0.0,0.0,0.0,0.0,0.0,0.0,0.0,0.0,0.0,0.0,0.0,0.0,0.0,1.0,0.0,0.0,0.0,0.0,0.0,0.0,0.0,0.0,0.0,0.0,0.0,0.0,0.0,0.0,0.0,0.0,0.0,0.0,0.0,0.0,0.0,0.0,0.0,0.0,0.0,0.0,0.0,0.0,0.0,0.0,0.0,0.0,0.0,0.0,0.0,0.0,0.0,0.0,0.0,2.6666666666666665,0.0,0.0,0.0,0.0,0.0,0.0,0.0,0.0,0.0,0.0,0.0,0.0,0.0,0.0,0.0,0.0,0.0,0.0,0.0,0.0,0.0,0.0,1.0,0.0,0.0,1.0,0.0,0.0,0.0,0.0,0.0,0.0,0.0,0.0,0.0,0.0,0.0,0.0,0.0,0.0,0.0,0.0,0.0,0.0,0.0,0.0
23,2020-2-14,0.0,0.0,0.0,0.0,0.0,0.0,0.0,0.0,0.0,0.0,0.0,0.0,0.0,0.0,0.0,0.0,0.0,0.0,0.0,0.0,0.0,0.0,0.0,0.0,0.0,0.0,0.0,0.0,0.0,0.0,0.0,0.0,0.4269952431289641,0.0,0.0,0.0,0.0,0.0,0.0,43.0,0.0,0.0,0.0,0.0,0.0,0.0,0.0,1.0,0.0,0.0,0.0,0.0,0.0,0.0,0.0,0.0,0.0,0.0,0.0,0.0,0.0,0.0,0.0,0.0,0.0,0.0,0.0,0.0,0.0,0.0,0.0,0.0,0.0,0.0,0.0,0.0,0.0,0.0,0.0,1.0,0.0,0.0,0.0,0.0,0.0,0.0,0.0,0.0,0.0,0.0,0.0,0.0,0.0,0.0,0.0,0.0,0.0,0.0,0.0,0.0,0.0,0.0,0.0,0.0,0.0,0.0,0.0,0.0,0.0,0.0,0.0,0.0,0.0,0.0,0.0,0.0,0.0,0.0,0.0,0.0,0.0,0.0,0.0,0.0,0.0,0.0,0.0,0.0,0.0,0.0,0.0,0.0,0.0,1.125,0.0,0.0,0.0,0.0,0.0,0.0,0.0,0.0,0.0,0.0,0.0,0.0,0.0,0.0,0.0,0.0,0.0,0.0,0.0,0.0,0.0,0.0,0.0,0.0,0.0,0.0,0.0,0.0,0.0,0.0,0.0,0.0,0.0,0.0,0.0,0.0,0.0,0.0,0.0,0.0,0.0,0.0,0.0,0.0,0.0,0.0
24,2020-2-15,0.0,0.0,0.0,0.0,0.0,0.0,0.0,0.0,0.0,0.0,0.0,0.0,0.0,0.0,0.0,0.0,0.0,0.0,0.0,0.0,0.0,0.0,0.0,0.0,0.0,0.0,0.0,0.0,0.0,0.0,0.0,0.0,0.31796379390375984,0.0,0.0,0.0,0.0,0.0,0.0,1.558139534883721,0.0,0.0,0.0,0.0,0.0,0.0,0.0,0.0,0.0,0.0,0.0,0.0,0.0,0.0,0.0,0.0,1.0,0.0,0.0,0.0,0.0,0.0,0.0,0.0,0.0,0.0,0.0,0.0,0.0,0.0,0.0,0.0,0.0,0.0,0.0,0.0,0.0,0.0,0.0,14.0,0.0,0.0,0.0,0.0,0.0,0.0,0.0,0.0,0.0,0.0,0.0,0.0,0.0,3.0,0.0,0.0,0.0,0.0,0.0,0.0,0.0,0.0,0.0,0.0,0.0,0.0,0.0,0.0,0.0,0.0,0.0,0.0,0.0,0.0,0.0,0.0,0.0,0.0,0.0,0.0,0.0,0.0,0.0,0.0,0.0,0.0,0.0,0.0,0.0,0.0,0.0,0.0,0.0,0.5555555555555556,0.0,0.0,0.0,0.0,0.0,0.0,0.0,0.0,0.0,0.0,0.0,0.0,0.0,0.0,0.0,0.0,0.0,0.0,0.0,0.0,0.0,0.0,0.0,0.0,0.0,0.0,0.0,0.0,0.0,0.0,0.0,0.0,0.0,0.0,0.0,0.0,0.0,0.0,0.0,0.0,0.0,0.0,0.0,0.0,0.0,0.0
25,2020-2-16,0.0,0.0,0.0,0.0,0.0,0.0,0.0,0.0,0.0,0.0,0.0,0.0,0.0,0.0,0.0,0.0,0.0,0.0,0.0,0.0,0.0,0.0,0.0,0.0,0.0,0.0,0.0,0.0,0.0,0.0,0.0,0.0,1.0218978102189782,0.0,0.0,0.0,0.0,0.0,0.0,1.044776119402985,0.0,0.0,0.0,0.0,0.0,0.0,0.0,0.0,0.0,0.0,0.0,0.0,0.0,0.0,0.0,0.0,0.0,0.0,0.0,0.0,0.0,0.0,0.0,0.0,0.0,0.0,0.0,0.0,0.0,0.0,0.0,0.0,0.0,0.0,0.0,0.0,0.0,0.0,0.0,1.1428571428571428,0.0,0.0,0.0,1.0,0.0,0.0,0.0,0.0,0.0,0.0,0.0,0.0,0.0,0.0,0.0,0.0,0.0,0.0,0.0,0.0,0.0,0.0,0.0,0.0,0.0,0.0,0.0,0.0,0.0,0.0,0.0,0.0,0.0,0.0,0.0,0.0,0.0,0.0,0.0,0.0,0.0,0.0,0.0,0.0,0.0,0.0,0.0,0.0,0.0,0.0,0.0,0.0,0.0,0.6,0.0,0.0,0.0,0.0,0.0,0.0,0.0,0.0,0.0,0.0,2.0,0.0,1.0,0.0,0.0,0.0,0.0,0.0,0.0,1.0,0.0,0.0,0.0,0.0,0.0,0.0,0.0,0.0,0.0,0.0,0.0,0.0,0.0,0.0,0.0,0.0,0.0,0.0,0.0,0.0,0.0,0.0,0.0,0.0,0.0,0.0
26,2020-2-17,0.0,0.0,0.0,0.0,0.0,0.0,0.0,0.0,0.0,0.0,0.0,0.0,0.0,0.0,0.0,0.0,0.0,0.0,0.0,0.0,0.0,0.0,0.0,0.0,0.0,0.0,0.0,0.0,1.0,0.0,0.0,0.0,0.9147619047619048,0.0,0.0,0.0,0.0,0.0,0.0,1.4142857142857144,0.0,0.0,0.0,0.0,0.0,0.0,0.0,0.0,0.0,0.0,0.0,0.0,0.0,0.0,0.0,0.0,0.0,0.0,0.0,0.0,0.0,0.0,0.0,0.0,0.0,0.0,0.0,0.0,0.0,0.0,0.0,0.0,0.0,0.0,0.0,0.0,0.0,0.0,0.0,0.4375,0.0,0.0,0.0,1.0,0.0,0.0,0.0,0.0,0.0,0.0,0.0,0.0,0.0,0.0,0.0,0.0,0.0,0.0,0.0,0.0,0.0,0.0,0.0,0.0,0.0,0.0,0.0,0.0,0.0,0.0,0.0,0.0,0.0,0.0,0.0,0.0,0.0,0.0,0.0,0.0,0.0,0.0,0.0,0.0,0.0,0.0,0.0,0.0,0.0,0.0,0.0,0.0,0.0,0.6666666666666666,0.0,0.0,0.0,0.0,0.0,0.0,0.0,0.0,0.0,0.0,1.0,0.0,1.0,0.0,0.0,0.0,0.0,0.0,0.0,0.0,0.0,0.0,0.0,0.0,0.0,0.0,0.0,0.0,0.0,0.0,0.0,0.0,0.0,0.0,0.0,0.0,0.0,0.0,0.0,0.0,0.0,0.0,0.0,0.0,0.0,0.0
27,2020-2-18,0.0,0.0,0.0,0.0,0.0,0.0,0.0,0.0,0.0,0.0,0.0,0.0,0.0,0.0,0.0,0.0,0.0,0.0,0.0,0.0,0.0,0.0,0.0,0.0,0.0,0.0,0.0,0.0,0.0,0.0,0.0,0.0,0.9250390421655388,0.0,0.0,0.0,0.0,0.0,0.0,0.8888888888888888,0.0,0.0,0.0,0.0,0.0,0.0,0.0,0.0,0.0,0.0,0.0,0.0,0.0,0.0,0.0,0.0,0.0,0.0,0.0,0.0,0.0,0.0,0.0,0.0,0.0,0.0,0.0,0.0,0.0,0.0,0.0,0.0,0.0,0.0,0.0,0.0,0.0,0.0,0.0,1.1428571428571428,0.0,0.0,0.0,1.0,0.0,0.0,0.0,0.0,0.0,0.0,0.0,0.0,0.0,0.0,0.0,0.0,0.0,0.0,0.0,0.0,0.0,0.0,0.0,0.0,0.0,0.0,0.0,0.0,0.0,0.0,0.0,0.0,0.0,0.0,0.0,0.0,0.0,0.0,0.0,0.0,0.0,0.0,0.0,0.0,0.0,0.0,0.0,0.0,0.0,0.0,0.0,0.0,0.0,2.0,0.0,0.0,0.0,0.0,0.0,0.0,0.0,0.0,0.0,0.0,0.0,0.0,0.0,0.0,0.0,0.0,0.0,0.0,0.0,0.0,0.0,0.0,0.0,0.0,0.0,0.0,0.0,0.0,0.0,0.0,0.0,0.0,0.0,0.0,0.0,0.0,0.0,0.0,0.0,0.0,0.0,0.0,0.0,0.0,0.0,0.0
28,2020-2-19,0.0,0.0,0.0,0.0,0.0,0.0,0.0,0.0,0.0,0.0,0.0,0.0,0.0,0.0,0.0,0.0,0.0,0.0,0.0,0.0,0.0,0.0,0.0,0.0,0.0,0.0,0.0,0.0,0.0,0.0,0.0,0.0,0.22960045019696118,0.0,0.0,0.0,0.0,0.0,0.0,0.8977272727272727,0.0,0.0,0.0,0.0,0.0,0.0,0.0,0.0,0.0,0.0,0.0,0.0,0.0,0.0,0.0,0.0,0.0,0.0,0.0,0.0,0.0,0.0,0.0,0.0,0.0,0.0,0.0,0.0,0.0,0.0,0.0,0.0,0.0,2.0,0.0,0.0,0.0,0.0,0.0,1.25,0.0,0.0,0.0,0.0,0.0,0.0,0.0,0.0,0.0,0.0,0.0,0.0,0.0,0.0,0.0,0.0,0.0,0.0,0.0,0.0,0.0,0.0,0.0,0.0,0.0,0.0,0.0,0.0,0.0,0.0,0.0,0.0,0.0,0.0,0.0,0.0,0.0,0.0,0.0,0.0,0.0,0.0,0.0,0.0,0.0,0.0,0.0,0.0,0.0,0.0,0.0,0.0,0.0,0.75,0.0,0.0,0.0,0.0,0.0,0.0,0.0,0.0,0.0,0.0,1.0,0.0,0.0,0.0,0.0,0.0,0.0,0.0,0.0,0.0,0.0,0.0,0.0,0.0,0.0,0.0,0.0,0.0,0.0,0.0,0.0,0.0,0.0,0.0,0.0,0.0,0.0,0.0,0.0,0.0,0.0,0.0,0.0,0.0,0.0,0.0
29,2020-2-20,0.0,0.0,0.0,0.0,0.0,0.0,0.0,0.0,0.0,0.0,0.0,0.0,0.0,0.0,0.0,0.0,0.0,0.0,0.0,0.0,0.0,0.0,0.0,0.0,0.0,0.0,0.0,0.0,0.0,0.0,0.0,0.0,1.1225490196078431,0.0,0.0,0.0,0.0,0.0,0.0,0.16455696202531644,0.0,0.0,0.0,0.0,0.0,0.0,0.0,0.0,0.0,0.0,0.0,0.0,0.0,0.0,0.0,0.0,0.0,0.0,0.0,0.0,0.0,0.0,0.0,0.0,0.0,0.0,0.0,0.0,0.0,0.0,0.0,0.0,0.0,1.5,0.0,0.0,0.0,0.0,0.0,1.0,0.0,0.0,0.0,73.0,0.0,0.0,0.0,0.0,0.0,0.0,0.0,0.0,0.0,0.0,0.0,0.0,0.0,0.0,0.0,0.0,0.0,0.0,0.0,0.0,0.0,0.0,0.0,0.0,0.0,0.0,0.0,0.0,0.0,0.0,0.0,0.0,0.0,0.0,0.0,0.0,0.0,0.0,0.0,0.0,0.0,0.0,0.0,0.0,0.0,0.0,0.0,0.0,0.0,0.0,0.0,0.0,0.0,0.0,0.0,0.0,0.0,0.0,0.0,0.0,1.0,0.0,0.0,0.0,0.0,0.0,0.0,0.0,0.0,0.0,0.0,0.0,0.0,0.0,0.0,0.0,0.0,0.0,0.0,0.0,0.0,0.0,0.0,0.0,0.0,0.0,0.0,0.0,0.0,0.0,0.0,0.0,0.0,0.0,0.0,0.0
30,2020-2-21,0.0,0.0,0.0,0.0,0.0,0.0,0.0,0.0,0.0,0.0,0.0,0.0,0.0,0.0,0.0,0.0,0.0,0.0,0.0,0.0,0.0,0.0,0.0,0.0,0.0,0.0,0.0,0.0,1.0,0.0,0.0,0.0,1.0327510917030567,0.0,0.0,0.0,0.0,0.0,0.0,0.0,0.0,0.0,0.0,0.0,0.0,0.0,0.0,0.0,0.0,0.0,0.0,0.0,0.0,0.0,0.0,0.0,0.0,0.0,0.0,0.0,0.0,0.0,0.0,0.0,0.0,0.0,0.0,0.0,0.0,0.0,0.0,0.0,0.0,4.333333333333333,0.0,0.0,1.0,17.0,0.0,1.1,0.0,0.0,0.0,1.36986301369863,0.0,0.0,0.0,1.0,0.0,0.0,0.0,0.0,0.0,0.0,0.0,0.0,0.0,0.0,0.0,0.0,0.0,0.0,0.0,0.0,0.0,0.0,0.0,0.0,0.0,0.0,0.0,0.0,0.0,0.0,0.0,0.0,0.0,0.0,0.0,0.0,0.0,0.0,0.0,0.0,0.0,0.0,0.0,0.0,0.0,0.0,0.0,0.0,0.0,1.0,0.0,0.0,0.0,0.0,0.0,0.0,0.0,0.0,0.0,0.0,2.0,0.0,0.0,0.0,0.0,0.0,0.0,0.0,0.0,0.0,0.0,0.0,2.0,0.0,0.0,0.0,0.0,0.0,0.0,0.0,0.0,0.0,0.0,0.0,0.0,0.0,0.0,0.0,0.0,0.0,0.0,0.0,0.0,0.0,0.0,0.0
31,2020-2-22,0.0,0.0,0.0,0.0,0.0,0.0,0.0,0.0,0.0,0.0,0.0,0.0,0.0,0.0,0.0,0.0,0.0,0.0,0.0,0.0,0.0,0.0,0.0,0.0,0.0,0.0,0.0,0.0,0.0,0.0,0.0,0.0,3.0676532769556024,0.0,0.0,0.0,0.0,0.0,0.0,0.0,0.0,0.0,0.0,0.0,0.0,0.0,0.0,0.0,0.0,0.0,0.0,0.0,0.0,0.0,0.0,0.0,0.0,0.0,0.0,0.0,0.0,0.0,0.0,0.0,0.0,0.0,0.0,0.0,0.0,0.0,0.0,0.0,0.0,0.7692307692307693,0.0,0.0,0.0,2.4705882352941178,0.0,1.5454545454545454,0.0,0.0,0.0,2.29,0.0,0.0,0.0,0.0,0.0,0.0,0.0,0.0,0.0,0.0,0.0,0.0,0.0,0.0,0.0,0.0,0.0,0.0,0.0,0.0,0.0,0.0,0.0,0.0,0.0,0.0,0.0,0.0,0.0,0.0,0.0,0.0,0.0,0.0,0.0,0.0,0.0,0.0,0.0,0.0,0.0,0.0,0.0,0.0,0.0,0.0,0.0,0.0,0.0,0.0,0.0,0.0,0.0,0.0,0.0,0.0,0.0,0.0,0.0,0.0,0.0,0.0,0.0,0.0,0.0,0.0,0.0,0.0,0.0,4.0,0.0,0.0,0.0,0.0,0.0,0.0,0.0,0.0,0.0,0.0,0.0,0.0,0.0,0.0,0.0,0.0,0.0,0.0,0.0,0.0,0.0,0.0,0.0,0.0,0.0,0.0
32,2020-2-23,0.0,0.0,0.0,0.0,0.0,0.0,0.0,0.0,0.0,0.0,0.0,0.0,0.0,0.0,0.0,0.0,0.0,0.0,0.0,0.0,0.0,0.0,0.0,0.0,0.0,0.0,0.0,0.0,0.0,0.0,0.0,0.0,0.014472777394900068,0.0,0.0,0.0,0.0,0.0,0.0,57.0,0.0,0.0,0.0,0.0,0.0,0.0,0.0,0.0,0.0,0.0,0.0,0.0,0.0,0.0,0.0,0.0,0.0,0.0,0.0,0.0,0.0,0.0,0.0,0.0,0.0,0.0,0.0,0.0,0.0,0.0,0.0,0.0,0.0,1.5,0.0,0.0,0.0,2.2142857142857144,0.0,1.4705882352941178,0.0,0.0,0.0,0.7379912663755459,0.0,0.0,0.0,0.0,0.0,0.0,0.0,0.0,0.0,0.0,0.0,0.0,0.0,0.0,0.0,0.0,0.0,0.0,0.0,0.0,0.0,0.0,0.0,0.0,0.0,0.0,0.0,0.0,0.0,0.0,0.0,0.0,0.0,0.0,0.0,0.0,0.0,0.0,0.0,0.0,0.0,0.0,0.0,0.0,0.0,0.0,0.0,0.0,0.0,4.0,0.0,0.0,0.0,0.0,0.0,0.0,0.0,0.0,0.0,0.0,2.0,0.0,0.0,0.0,0.0,0.0,0.0,0.0,0.0,0.0,0.0,0.0,0.0,0.0,0.0,0.0,0.0,0.0,0.0,0.0,0.0,0.0,0.0,0.0,0.0,0.0,0.0,0.0,0.0,0.0,0.0,0.0,0.0,0.0,0.0,0.0
33,2020-2-24,1.0,0.0,0.0,0.0,0.0,0.0,0.0,0.0,0.0,0.0,0.0,0.0,1.0,0.0,0.0,0.0,0.0,0.0,0.0,0.0,0.0,0.0,0.0,0.0,0.0,0.0,0.0,0.0,1.0,0.0,0.0,0.0,10.428571428571429,0.0,0.0,0.0,0.0,0.0,0.0,0.0,0.0,0.0,0.0,0.0,0.0,0.0,0.0,0.0,0.0,0.0,0.0,0.0,0.0,0.0,0.0,0.0,0.0,0.0,0.0,0.0,0.0,0.0,0.0,0.0,0.0,0.0,0.0,0.0,0.0,0.0,0.0,0.0,0.0,1.2,1.0,0.0,0.0,0.7956989247311828,0.0,0.48,0.0,0.0,0.0,1.3668639053254439,1.0,0.0,0.0,0.0,0.0,0.0,0.0,0.0,0.0,0.0,0.0,0.0,0.0,0.0,0.0,0.0,0.0,0.0,0.0,0.0,0.0,0.0,0.0,0.0,0.0,0.0,0.0,0.0,0.0,2.0,0.0,0.0,0.0,0.0,0.0,0.0,0.0,0.0,0.0,0.0,0.0,0.0,0.0,0.0,0.0,0.0,0.0,0.0,0.0,0.0,0.0,0.0,0.0,0.0,0.0,0.0,0.0,0.0,0.0,0.0,1.0,0.0,0.0,0.0,0.0,0.0,0.0,0.0,0.0,0.0,4.0,0.0,36.0,0.0,0.0,0.0,0.0,0.0,0.0,0.0,0.0,0.0,0.0,0.0,0.0,0.0,0.0,0.0,0.0,0.0,0.0,0.0,0.0,0.0,0.0,0.0
34,2020-2-25,0.0,0.0,1.0,0.0,0.0,0.0,0.0,0.0,0.0,2.0,0.0,0.0,22.0,0.0,0.0,0.0,0.0,0.0,0.0,0.0,0.0,0.0,0.0,0.0,0.0,0.0,0.0,0.0,1.0,0.0,0.0,0.0,2.3424657534246576,0.0,0.0,0.0,0.0,0.0,1.0,0.0,0.0,0.0,0.0,0.0,0.0,0.0,0.0,0.0,0.0,0.0,0.0,0.0,0.0,0.0,0.0,0.0,2.0,0.0,0.0,0.0,1.0,0.0,0.0,0.0,0.0,0.0,0.0,0.0,0.0,0.0,0.0,0.0,0.0,1.8888888888888888,0.0,0.0,0.0,1.2567567567567568,0.0,0.9166666666666666,0.0,0.0,0.0,0.6233766233766234,10.0,0.0,0.0,0.0,0.0,0.0,0.0,0.0,0.0,0.0,0.0,0.0,0.0,0.0,0.0,0.0,0.0,0.0,0.0,0.0,0.0,0.0,0.0,0.0,0.0,0.0,0.0,0.0,0.0,0.0,0.0,0.0,0.0,0.0,0.0,0.0,0.0,0.0,0.0,0.0,0.0,0.0,0.0,0.0,0.0,0.0,0.0,0.0,0.0,2.0,0.0,0.0,0.0,0.0,4.0,0.0,0.0,0.0,0.0,1.0,0.5,0.0,2.0,0.0,0.0,0.0,0.0,0.0,0.0,0.0,0.0,0.0,0.0,0.0,0.0,0.0,0.0,0.0,0.0,0.0,0.0,0.0,0.0,0.0,0.0,0.0,0.0,0.0,0.0,0.0,0.0,0.0,0.0,0.0,0.0,0.0
35,2020-2-26,0.0,0.0,0.0,0.0,0.0,0.0,0.0,0.0,0.0,0.0,0.0,0.0,0.45454545454545453,0.0,0.0,0.0,0.0,0.0,0.0,0.0,0.0,1.0,0.0,0.0,0.0,0.0,0.0,0.0,0.0,0.0,0.0,0.0,0.8031189083820662,0.0,0.0,0.0,0.0,0.0,2.0,14.0,0.0,0.0,0.0,0.0,0.0,0.0,0.0,0.0,0.0,0.0,0.0,0.0,0.0,0.0,0.0,1.0,2.0,0.0,0.0,1.0,10.0,0.0,1.0,0.0,0.0,0.0,0.0,0.0,0.0,0.0,0.0,0.0,0.0,1.2941176470588236,4.0,0.0,1.0,1.4086021505376345,0.0,1.7272727272727273,0.0,0.0,0.0,1.9722222222222223,1.5,0.0,0.0,1.0,0.0,0.0,0.0,0.0,0.0,0.0,0.0,0.0,0.0,0.0,0.0,0.0,0.0,0.0,0.0,0.0,0.0,0.0,0.0,0.0,0.0,0.0,0.0,1.0,1.0,2.0,2.0,0.0,0.0,0.0,0.0,0.0,0.0,0.0,0.0,1.0,0.0,0.0,0.0,0.0,0.0,0.0,0.0,0.0,0.0,1.0,0.0,0.0,0.0,0.0,1.75,0.0,0.0,0.0,1.0,0.0,1.0,0.0,1.5,0.0,0.0,0.0,0.0,0.0,0.0,0.0,0.0,0.0,6.0,0.0,0.0,0.0,0.0,0.0,0.0,0.0,0.0,0.0,0.0,0.0,0.0,0.0,0.0,0.0,0.0,0.0,0.0,0.0,0.0,0.0,0.0,0.0
36,2020-2-27,0.0,0.0,0.0,0.0,0.0,0.0,0.0,0.0,0.0,1.0,0.0,0.0,0.0,0.0,0.0,0.0,0.0,0.0,0.0,0.0,0.0,0.0,0.0,0.0,0.0,0.0,0.0,0.0,2.0,0.0,0.0,0.0,1.0533980582524272,0.0,0.0,0.0,0.0,0.0,0.0,0.0,0.0,0.0,0.0,1.0,0.0,0.0,0.0,0.0,0.0,0.0,0.0,1.0,0.0,0.0,0.0,0.0,5.0,0.0,0.0,0.0,1.9,0.0,2.0,0.0,0.0,0.0,0.0,0.0,0.0,0.0,0.0,0.0,0.0,2.409090909090909,0.5,0.0,1.0,1.5419847328244274,0.0,1.3157894736842106,0.0,0.0,0.0,1.778169014084507,1.1333333333333333,0.0,0.0,0.0,0.0,0.0,0.0,0.0,0.0,1.0,0.0,0.0,0.0,0.0,0.0,0.0,0.0,0.0,0.0,0.0,0.0,0.0,1.0,0.0,0.0,0.0,0.0,0.0,0.0,0.0,0.0,0.0,0.0,0.0,0.0,0.0,0.0,0.0,0.0,0.0,0.0,0.0,0.0,0.0,1.0,0.0,0.0,0.0,0.0,0.0,0.0,0.0,0.0,0.0,0.2857142857142857,0.0,0.0,0.0,5.0,7.0,0.0,0.0,0.0,0.0,0.0,0.0,0.0,0.0,0.0,0.0,2.0,0.0,0.16666666666666666,0.0,0.0,0.0,0.0,0.0,0.0,0.0,0.0,0.0,0.0,0.0,0.0,0.0,0.0,0.0,0.0,0.0,0.0,0.0,0.0,0.0,0.0,0.0
37,2020-2-28,0.0,0.0,0.0,0.0,0.0,0.0,0.0,0.0,0.0,0.0,0.0,0.0,3.0,0.0,0.0,1.0,0.0,0.0,0.0,0.0,0.0,0.0,0.0,0.0,0.0,0.0,0.0,0.0,0.5,0.0,0.0,0.0,0.7557603686635944,0.0,0.0,0.0,0.0,0.0,2.0,0.0,0.0,0.0,0.0,0.0,0.0,0.0,0.0,0.0,0.0,0.0,0.0,0.0,0.0,0.0,0.0,0.0,0.95,0.0,0.0,0.0,0.10526315789473684,0.0,0.5,0.0,0.0,0.0,0.0,0.0,0.0,0.0,1.0,0.0,0.0,1.349056603773585,0.0,0.0,1.0,1.1534653465346534,0.0,0.56,0.0,0.0,0.0,1.1306930693069306,0.11764705882352941,0.0,0.0,0.0,0.0,0.0,1.0,0.0,0.0,0.0,0.0,0.0,0.0,0.0,1.0,0.0,0.0,0.0,0.0,0.0,0.0,0.0,0.0,1.0,0.0,0.0,1.0,0.0,5.0,0.0,0.0,0.0,0.0,0.0,0.0,0.0,0.0,0.0,0.0,2.0,0.0,0.0,0.0,0.0,0.0,0.0,0.0,0.0,0.0,0.0,0.0,0.0,0.0,0.0,8.5,0.0,0.0,0.0,0.0,0.0,2.0,0.0,1.0,0.0,0.0,0.0,0.0,0.0,0.0,6.0,2.5,0.0,2.0,0.0,0.0,0.0,0.0,0.0,0.0,0.0,0.0,0.0,0.0,0.0,0.0,0.0,0.0,0.0,0.0,0.0,0.0,0.0,0.0,0.0,0.0,0.0
38,2020-2-29,0.0,0.0,0.0,0.0,0.0,0.0,0.0,0.0,10.0,6.0,0.0,0.0,1.6666666666666667,0.0,0.0,0.0,0.0,0.0,0.0,0.0,0.0,1.0,0.0,0.0,0.0,0.0,0.0,0.0,6.0,0.0,0.0,0.0,1.3048780487804879,0.0,0.0,0.0,0.0,0.0,0.5,0.0,0.0,0.0,0.0,2.0,0.0,0.0,0.0,0.0,0.0,0.0,0.0,0.0,0.0,0.0,0.0,1.0,2.263157894736842,0.0,0.0,0.0,15.5,0.0,0.0,0.0,0.0,0.0,0.0,0.0,0.0,0.0,0.0,0.0,0.0,1.4335664335664335,6.0,1.0,3.0,1.0300429184549356,0.0,0.9285714285714286,0.0,0.0,0.0,1.4238178633975482,0.0,0.0,0.0,2.0,0.0,0.0,0.0,1.0,0.0,2.0,0.0,0.0,0.0,0.0,3.0,0.0,1.0,0.0,0.0,0.0,0.0,0.0,5.0,0.0,0.0,0.0,0.0,0.0,1.8,2.0,2.0,0.0,0.0,0.0,0.0,0.0,0.0,0.0,1.0,0.0,0.0,0.0,0.0,0.0,0.0,0.0,0.0,0.0,0.0,9.0,0.0,0.0,0.0,0.0,0.7647058823529411,0.0,0.0,0.0,5.0,10.0,2.5,0.0,1.0,0.0,0.0,0.0,0.0,0.0,0.0,0.3333333333333333,0.6,0.0,4.0,0.0,0.0,0.0,0.0,0.0,0.0,0.0,0.0,0.0,0.0,0.0,0.0,0.0,0.0,0.0,0.0,0.0,0.0,0.0,0.0,0.0,0.0,0.0
39,2020-3-1,0.0,0.0,0.0,0.0,0.0,0.0,0.0,1.0,0.2,0.8333333333333334,3.0,0.0,1.2,0.0,0.0,0.0,1.0,0.0,0.0,0.0,0.0,0.0,0.0,0.0,0.0,0.0,0.0,0.0,0.6666666666666666,0.0,0.0,0.0,1.3457943925233644,0.0,0.0,0.0,0.0,0.0,1.0,0.0,0.0,0.0,3.0,0.5,0.0,1.0,6.0,1.0,0.0,0.0,0.0,0.0,0.0,0.0,0.0,3.0,0.6976744186046512,0.0,0.0,2.0,1.6451612903225807,0.0,3.0,0.0,0.0,0.0,0.0,0.0,0.0,0.0,2.0,0.0,0.0,1.8780487804878048,1.0,0.0,1.0,2.3583333333333334,0.0,1.1538461538461537,0.0,0.0,0.0,0.7207872078720787,0.0,0.0,0.0,3.0,0.0,0.0,0.0,0.0,0.0,2.0,0.0,0.0,0.0,0.0,0.3333333333333333,0.0,0.0,0.0,0.0,0.0,0.0,0.0,0.8,0.0,0.0,0.0,0.0,0.0,0.4444444444444444,0.0,0.0,0.0,0.0,0.0,0.0,0.0,0.0,0.0,2.0,0.0,0.0,0.0,0.0,0.0,0.0,0.0,0.0,0.0,0.0,0.4444444444444444,0.0,0.0,0.0,0.0,3.0,0.0,0.0,0.0,0.4,0.9,0.2,0.0,0.0,0.0,0.0,0.0,0.0,0.0,0.0,0.0,4.333333333333333,0.0,0.75,0.0,0.0,0.0,0.0,0.0,0.0,0.0,0.0,0.0,0.0,0.0,0.0,0.0,0.0,0.0,0.0,0.0,0.0,0.0,0.0,0.0,0.0,0.0
40,2020-3-2,0.0,0.0,2.0,1.0,0.0,0.0,0.0,0.0,1.5,0.8,0.0,0.0,0.3333333333333333,0.0,0.0,0.0,6.0,0.0,0.0,0.0,0.0,0.0,0.0,0.0,0.0,0.0,0.0,0.0,0.75,0.0,0.0,0.0,0.3541666666666667,0.0,0.0,0.0,0.0,0.0,0.0,0.0,0.0,0.0,0.0,0.0,0.0,0.0,0.0,0.0,0.0,0.0,0.0,0.0,0.0,0.0,0.0,0.0,2.033333333333333,0.0,0.0,0.0,0.5686274509803921,0.0,0.0,0.0,0.0,0.0,0.0,0.0,0.0,0.0,1.5,2.0,2.0,1.3584415584415583,1.1666666666666667,0.0,0.0,0.6042402826855123,0.0,1.2,0.0,0.0,0.0,1.022184300341297,11.0,0.0,1.0,0.5,0.0,0.0,0.0,0.0,0.0,0.0,0.0,0.0,0.0,0.0,0.0,0.0,0.0,0.0,0.0,1.0,0.0,0.0,2.0,0.0,0.0,0.0,0.0,0.0,1.5,0.0,0.0,0.0,0.0,0.0,0.0,0.0,0.0,2.0,0.0,0.0,1.0,0.0,0.0,0.0,7.0,1.0,1.0,0.0,0.0,0.5,0.0,0.0,0.0,0.0,0.9230769230769231,0.0,0.0,0.0,0.5,1.6666666666666667,1.0,0.0,1.0,0.0,0.0,0.0,0.0,0.0,0.0,0.0,0.3076923076923077,0.0,4.0,0.0,0.0,0.0,0.0,0.0,0.0,0.0,0.0,0.0,0.0,0.0,0.0,0.0,0.0,0.0,0.0,0.0,0.0,0.0,0.0,0.0,0.0,0.0
41,2020-3-3,0.0,0.0,1.0,0.0,0.0,0.0,1.0,0.0,3.0,0.75,0.0,0.0,0.0,0.0,0.0,0.0,0.8333333333333334,0.0,0.0,0.0,0.0,0.0,0.0,0.0,0.0,0.0,0.0,0.0,1.0,0.0,0.0,1.0,0.6127450980392157,0.0,0.0,0.0,0.0,0.0,2.0,1.0,0.0,0.0,2.0,2.0,0.0,0.0,1.0,0.0,0.0,0.0,0.0,1.0,0.0,0.0,0.0,0.0,0.21311475409836064,0.0,0.0,0.0,1.2758620689655173,0.0,0.0,0.0,0.0,0.0,0.0,0.0,0.0,0.0,1.6666666666666667,0.0,0.0,1.5965583173996176,0.8571428571428571,1.0,2.0,1.3625730994152048,0.0,1.0555555555555556,1.0,0.0,0.0,1.4207011686143574,0.0,0.0,0.0,0.0,0.0,0.0,0.0,0.0,0.0,7.0,0.0,0.0,0.0,0.0,0.0,0.0,0.0,0.0,0.0,0.0,0.0,0.0,0.75,0.0,0.0,0.0,0.0,0.0,1.1666666666666667,6.0,1.0,0.0,0.0,0.0,0.0,0.0,0.0,0.0,4.0,0.0,0.0,0.0,0.0,0.0,0.2857142857142857,0.0,1.0,0.0,0.0,1.0,0.0,0.0,0.0,0.0,1.25,0.0,0.0,0.0,6.0,0.9333333333333333,1.0,0.0,0.0,0.0,0.0,0.0,0.0,0.0,1.0,6.0,2.75,0.0,0.8333333333333334,0.0,0.0,0.0,0.0,0.0,0.0,0.0,0.0,0.0,0.0,0.0,0.0,0.0,0.0,0.0,0.0,0.0,0.0,0.0,0.0,0.0,0.0,0.0
42,2020-3-4,0.0,0.0,3.5,0.0,0.0,0.0,0.0,0.0,1.4444444444444444,2.6666666666666665,0.0,0.0,3.0,0.0,0.0,5.0,2.0,0.0,0.0,0.0,0.0,2.0,0.0,0.0,0.0,0.0,0.0,0.0,1.0,0.0,0.0,0.0,1.0,0.0,0.0,0.0,0.0,0.0,0.5,0.0,0.0,0.0,1.5,2.5,0.0,0.0,3.0,0.0,0.0,0.0,0.0,0.0,0.0,0.0,0.0,0.0,6.461538461538462,0.0,0.0,0.0,1.7837837837837838,0.0,2.0,0.0,0.0,0.0,0.0,0.0,0.0,2.0,3.0,23.0,0.0,0.7017964071856287,0.5,4.0,1.5,1.259656652360515,0.0,2.0,0.0,0.0,0.0,0.5111633372502937,0.0,0.0,0.0,0.0,0.0,1.0,0.0,0.0,0.0,2.0,0.0,0.0,0.0,0.0,0.0,0.0,0.0,0.0,0.0,0.0,0.0,0.0,2.3333333333333335,2.0,0.0,0.0,0.0,0.0,3.4285714285714284,0.5,0.0,0.0,0.0,0.0,0.0,0.0,1.0,3.0,0.25,1.0,0.0,0.0,0.0,0.0,3.0,0.0,2.0,0.0,0.0,0.0,0.0,0.0,0.0,0.0,1.2666666666666666,0.0,0.0,0.0,2.3333333333333335,2.4285714285714284,0.0,0.0,0.0,0.0,0.0,1.0,0.0,0.0,0.0,0.0,3.1818181818181817,0.0,1.55,0.0,0.0,0.0,0.0,0.0,0.0,0.0,0.0,0.0,0.0,0.0,0.0,0.0,0.0,0.0,0.0,0.0,0.0,0.0,0.0,0.0,0.0,0.0
43,2020-3-5,0.0,0.0,0.0,0.0,0.0,0.0,0.0,0.0,0.23076923076923078,1.5,3.0,0.0,1.0,0.0,0.0,0.0,2.7,0.0,0.0,0.0,2.0,0.0,0.0,0.0,0.0,0.0,0.0,0.0,1.3333333333333333,0.0,0.0,3.0,1.208,0.0,0.0,0.0,0.0,0.0,0.0,0.0,0.0,0.0,1.3333333333333333,0.0,0.0,0.0,1.0,1.0,0.0,0.0,0.0,1.0,0.0,0.0,0.0,6.0,1.0952380952380953,0.0,0.0,1.0,3.3333333333333335,0.0,11.0,0.0,0.0,0.0,0.0,0.0,0.0,0.0,0.5333333333333333,0.08695652173913043,0.0,1.0085324232081911,0.0,0.0,1.6666666666666667,1.3100511073253833,0.0,0.7631578947368421,0.0,0.0,0.0,1.0735632183908046,2.0,0.0,0.0,3.0,0.0,0.0,0.0,0.0,0.0,0.0,0.0,0.0,0.0,0.0,0.0,0.0,0.0,0.0,0.0,1.0,0.0,0.0,3.142857142857143,0.0,0.0,0.0,0.0,0.0,1.2916666666666667,0.3333333333333333,0.0,0.0,0.0,0.0,0.0,0.0,0.0,1.0,0.0,2.0,1.0,0.0,0.0,0.0,0.8333333333333334,4.0,0.0,0.0,0.0,7.0,0.0,2.0,0.0,1.0,0.6491228070175439,0.0,0.0,0.0,4.214285714285714,0.7058823529411765,2.0,0.0,4.0,0.0,0.0,0.0,0.0,0.0,0.0,2.0,0.8571428571428571,0.0,2.193548387096774,0.0,0.0,0.0,0.0,0.0,0.0,0.0,0.0,0.0,0.0,0.0,0.0,0.0,4.0,0.0,0.0,0.0,0.0,0.0,0.0,0.0,0.0,0.0
44,2020-3-6,0.0,0.0,5.0,0.0,0.0,0.0,1.0,0.0,1.6666666666666667,1.1666666666666667,0.0,0.0,1.6666666666666667,0.0,0.0,0.0,2.185185185185185,0.0,1.0,0.0,0.0,9.0,0.0,0.0,0.0,0.0,0.0,1.0,3.0,0.0,0.0,0.0,1.0132450331125828,1.0,0.0,0.0,1.0,0.0,1.0,0.0,0.0,0.0,1.5,13.0,0.0,1.0,0.0,12.0,0.0,0.0,0.0,7.0,0.0,0.0,0.0,0.5,3.0,0.0,0.0,0.0,0.8545454545454545,0.0,0.6363636363636364,0.0,0.0,0.0,0.0,1.0,0.0,0.0,1.125,0.5,2.0,2.0879864636209815,5.0,12.0,3.4,1.011703511053316,0.0,2.0689655172413794,0.0,0.0,0.0,1.0813704496788008,0.0,0.0,0.0,2.0,0.0,0.0,0.0,1.0,0.0,33.0,0.0,0.0,0.0,0.0,1.0,0.0,0.0,0.0,0.0,0.0,0.0,0.0,1.0454545454545454,1.0,0.0,0.0,0.0,2.0,0.6774193548387096,0.0,1.0,0.0,0.0,0.0,1.0,2.0,4.0,1.6666666666666667,0.0,1.5,9.0,0.0,0.0,0.0,0.0,0.0,0.0,1.0,0.0,1.8571428571428572,1.0,2.5,0.0,0.0,3.810810810810811,0.0,0.0,0.0,0.11864406779661017,4.166666666666667,0.5,0.0,0.25,1.0,0.0,0.0,0.0,0.0,0.0,0.0,1.6,0.0,0.6617647058823529,0.0,0.0,0.0,0.0,0.0,0.0,0.0,0.0,0.0,0.0,0.0,0.0,0.0,0.75,0.0,0.0,0.0,0.0,0.0,0.0,0.0,0.0,0.0
45,2020-3-7,0.0,0.0,0.0,0.0,0.0,0.0,6.0,0.0,0.6,1.7142857142857142,3.0,0.0,5.0,0.0,0.0,0.0,1.0169491525423728,0.0,0.0,0.0,1.0,0.0,0.0,0.0,0.0,0.0,0.0,0.0,0.4166666666666667,0.0,0.0,0.0,0.5228758169934641,0.0,0.0,0.0,0.0,0.0,1.0,0.0,0.0,0.0,0.16666666666666666,0.0,0.0,0.0,0.0,0.0,0.0,0.0,0.0,0.0,0.0,0.0,0.0,0.0,1.0978260869565217,0.0,0.0,0.0,0.6861702127659575,0.0,0.07142857142857142,0.0,0.0,0.0,0.0,0.0,0.0,2.0,0.7777777777777778,3.0,0.0,0.8719611021069692,2.8,0.0,0.35294117647058826,1.6028277634961439,0.0,0.6833333333333333,0.0,0.0,0.0,0.8871287128712871,3.0,0.0,0.0,0.0,0.0,0.0,0.0,0.0,0.0,0.30303030303030304,0.0,3.0,0.0,0.0,0.0,0.0,0.0,0.0,0.0,0.0,0.0,0.0,1.3043478260869565,1.0,0.0,0.0,0.0,0.0,1.8571428571428572,0.0,0.0,0.0,0.0,0.0,0.0,0.5,0.0,1.4,0.0,0.0,0.0,0.0,0.0,0.0,2.0,0.0,0.0,0.0,0.0,0.6153846153846154,0.0,0.0,0.0,0.0,0.7092198581560284,0.0,0.0,0.0,8.571428571428571,0.54,0.0,0.0,2.0,0.0,0.0,0.0,0.0,0.0,0.0,16.0,0.8958333333333334,0.0,3.111111111111111,0.0,0.0,2.0,0.0,0.0,0.0,0.0,0.0,0.0,0.0,0.0,0.0,0.0,3.0,0.0,0.0,0.0,0.0,0.0,0.0,0.0,0.0,0.0
46,2020-3-8,3.0,0.0,2.0,0.0,0.0,0.0,0.6666666666666666,0.0,4.333333333333333,1.0416666666666667,0.0,0.0,0.0,3.0,0.0,0.0,0.5166666666666667,0.0,0.0,0.0,0.0,7.0,0.0,4.0,0.0,0.0,1.0,1.0,2.0,0.0,0.0,4.0,0.6625,0.0,0.0,0.0,4.0,0.0,0.0,0.0,0.0,0.0,12.0,13.0,0.0,3.0,1.0,34.0,0.0,0.0,0.0,0.0,0.0,0.0,0.0,8.0,0.5841584158415841,0.0,0.0,9.0,1.8682170542635659,0.0,27.0,0.0,0.0,0.0,0.0,0.0,0.0,1.5,0.0,1.6666666666666667,2.0,0.6905204460966543,0.42857142857142855,1.0,3.0,1.1964715316760224,0.0,1.0,0.0,0.0,0.0,0.609375,1.0,0.0,1.0,10.0,0.0,0.0,0.0,1.0,0.0,0.6,4.0,0.0,0.0,0.0,1.0,1.0,0.0,0.0,0.0,0.0,0.0,0.0,1.2833333333333334,0.0,0.0,0.0,0.0,0.0,0.7435897435897436,0.0,0.0,0.0,0.0,1.0,5.0,4.0,6.0,1.4285714285714286,7.0,6.0,4.0,0.0,0.0,0.0,6.5,6.0,0.0,0.0,0.0,1.5,2.0,9.0,0.0,2.0,1.73,0.0,0.0,0.0,0.7,1.2777777777777777,0.0,0.0,0.0,0.0,0.0,1.0,0.0,0.0,0.0,0.0,1.558139534883721,0.0,0.8285714285714286,0.0,0.0,6.0,0.0,0.0,0.0,0.0,0.0,0.0,0.0,0.0,0.0,0.0,0.0,0.0,0.0,0.0,0.0,0.0,0.0,0.0,0.0,0.0
47,2020-3-9,0.0,2.0,0.5,0.0,0.0,0.0,0.0,0.0,1.1538461538461537,1.08,0.0,0.0,10.0,0.0,0.0,0.0,1.2580645161290323,0.0,0.0,0.0,0.0,0.7142857142857143,1.0,0.0,0.0,0.0,0.0,0.0,1.3,0.0,0.0,0.0,0.6981132075471698,0.0,0.0,0.0,1.0,0.0,0.0,0.0,0.0,2.0,0.0,4.230769230769231,0.0,0.0,1.0,0.17647058823529413,0.0,0.0,0.0,0.0,0.0,0.0,0.0,0.875,0.4689265536723164,0.0,0.0,0.2222222222222222,0.5643153526970954,0.0,0.0,0.0,0.0,0.0,0.0,0.0,0.0,0.6666666666666666,8.0,0.8,6.5,0.800807537012113,0.0,2.0,0.0,1.2044235924932976,0.0,0.21951219512195122,0.0,0.0,0.0,0.6007326007326007,0.0,0.0,4.0,0.0,0.0,0.0,0.0,0.0,0.0,3.0,0.0,0.0,0.0,0.0,0.0,0.0,0.0,0.0,0.0,0.0,0.0,0.0,0.7272727272727273,0.0,0.0,0.0,1.0,0.0,1.0,0.0,0.0,0.0,0.0,0.0,0.2,2.5,0.8333333333333334,0.0,0.42857142857142855,0.0,0.0,0.0,0.0,0.0,0.0,0.6666666666666666,0.0,0.0,0.0,0.0,0.0,0.0,0.0,0.0,2.3121387283236996,0.0,0.0,0.0,1.0714285714285714,0.5362318840579711,0.0,0.0,0.0,0.0,0.0,0.0,0.0,0.0,0.0,0.0,0.7164179104477612,0.0,0.5603448275862069,0.0,0.0,0.0,0.0,0.0,0.0,0.0,0.0,0.0,0.0,0.0,0.0,0.0,3.0,0.0,0.0,0.0,0.0,0.0,0.0,0.0,0.0,0.0
48,2020-3-10,1.0,4.0,0.0,0.0,0.0,0.0,5.0,0.0,1.0666666666666667,1.8888888888888888,2.0,0.0,1.5,0.0,0.0,3.0,0.717948717948718,0.0,0.0,0.0,2.0,1.2,0.0,0.0,1.0,0.0,0.0,0.0,0.15384615384615385,0.0,0.0,5.0,0.7297297297297297,2.0,0.0,0.0,0.0,0.0,2.0,0.0,0.0,0.5,10.0,3.1272727272727274,0.0,0.0,0.0,0.6666666666666666,0.0,0.0,0.0,2.0,0.0,0.0,0.0,1.4285714285714286,6.927710843373494,0.0,0.0,0.0,2.0661764705882355,0.0,16.0,0.0,0.0,0.0,0.0,0.0,0.0,0.0,1.375,3.25,0.6153846153846154,1.480672268907563,11.0,6.5,14.0,0.5436839176405119,0.0,7.777777777777778,0.0,0.0,0.0,0.21341463414634146,5.0,0.0,0.5,9.0,0.0,0.0,0.0,2.0,0.0,0.6666666666666666,2.0,2.0,0.0,0.0,0.0,2.0,0.0,1.0,0.0,1.0,0.0,0.0,1.0892857142857142,0.0,0.0,0.0,0.0,4.0,6.724137931034483,2.0,10.0,1.0,0.0,0.0,4.0,1.3,1.2,11.0,2.0,10.0,3.0,0.0,0.0,0.0,15.0,1.25,0.0,4.0,0.0,10.0,4.0,15.0,0.0,4.0,1.555,0.0,0.0,0.0,2.3777777777777778,3.1621621621621623,2.0,0.0,3.0,0.0,0.0,3.0,0.0,0.0,0.0,29.0,1.2916666666666667,0.0,5.7846153846153845,0.0,0.0,1.0,0.0,0.0,0.0,0.0,0.0,0.0,0.0,0.0,0.0,0.0,2.3333333333333335,0.0,0.0,0.0,0.0,0.0,0.0,0.0,0.0,0.0
49,2020-3-11,2.0,0.25,0.0,0.0,0.0,0.0,0.4,0.0,1.3125,1.2549019607843137,0.0,0.0,5.666666666666667,0.0,0.0,0.0,1.6785714285714286,0.0,0.0,2.0,1.0,1.1666666666666667,10.0,3.0,1.0,0.0,1.0,0.0,14.5,0.0,0.0,2.0,1.2592592592592593,3.0,0.0,1.0,4.0,1.0,2.5,0.0,0.0,3.0,5.0,1.0465116279069768,0.0,0.0,2.0,0.25,0.0,0.0,0.0,2.0,0.0,0.0,0.0,1.9,0.8678260869565217,0.0,0.0,9.0,1.604982206405694,0.0,0.625,0.0,0.0,0.0,0.0,0.0,2.0,4.0,1.4545454545454546,0.46153846153846156,0.875,1.0874006810442678,0.0,0.6923076923076923,0.2857142857142857,2.367451381780962,1.0,0.8285714285714286,0.0,0.0,0.0,6.914285714285715,0.6,0.0,1.0,2.2222222222222223,0.0,0.0,2.0,1.0,0.0,1.6666666666666667,1.0,0.5,0.0,0.0,1.0,0.0,0.0,0.0,0.0,2.0,0.0,0.0,1.9836065573770492,0.0,0.0,0.0,0.0,0.0,1.0153846153846153,0.0,0.3,7.0,0.0,4.0,0.0,1.2307692307692308,1.5,1.6363636363636365,39.666666666666664,2.0,0.0,0.0,0.0,0.0,0.7333333333333333,0.2,0.0,1.75,0.0,1.8,0.75,1.7333333333333334,0.0,1.5,0.9356913183279743,1.0,0.0,0.0,1.355140186915888,1.376068376068376,0.5,0.0,2.0,0.0,0.0,0.6666666666666666,1.0,0.0,0.0,0.0,1.2096774193548387,0.0,0.8563829787234043,0.0,0.0,7.0,0.0,0.0,0.0,0.0,0.0,0.0,0.0,0.0,0.0,0.0,0.5714285714285714,0.0,0.0,0.0,0.0,0.0,0.0,0.0,0.0,0.0
50,2020-3-12,0.0,5.5,4.0,0.0,0.0,0.0,0.0,3.0,0.0,0.875,0.0,0.0,0.0,0.0,0.0,3.0,0.0,0.0,0.0,0.0,2.0,2.0,0.0,0.0,0.0,0.0,0.0,0.0,0.3103448275862069,0.0,0.0,0.0,0.3235294117647059,0.0,0.0,0.0,2.25,0.0,0.0,0.0,3.0,0.0,0.06,0.9611111111111111,0.0,0.0,0.0,7.0,0.0,0.0,0.0,0.0,0.0,0.0,0.0,0.0,0.0,0.0,0.0,0.0,0.376940133037694,0.0,0.0,0.0,0.0,1.0,0.0,0.0,0.0,0.0,1.125,1.8333333333333333,0.0,1.1221294363256784,0.0,0.0,5.25,0.0,1.0,0.0,0.0,0.0,0.0,0.47107438016528924,2.6666666666666665,0.0,0.0,0.0,0.0,0.0,0.0,6.0,0.0,0.0,0.0,0.0,0.0,0.0,4.0,0.0,1.0,0.0,0.0,0.5,0.0,0.0,0.0,0.0,0.0,0.0,0.0,0.0,0.5252525252525253,0.0,0.3333333333333333,0.42857142857142855,0.0,0.0,4.0,0.1875,2.0,0.0,0.0,0.2,8.0,0.0,0.0,0.0,0.6363636363636364,24.0,0.0,1.0,0.0,0.0,2.0,1.2307692307692308,0.0,0.6666666666666666,0.0,0.0,0.0,0.0,0.6827586206896552,0.0,1.0,0.0,1.8333333333333333,0.0,0.0,0.0,0.0,0.0,0.0,11.0,0.0,0.0,1.186335403726708,0.0,0.0,0.14285714285714285,0.0,0.0,0.0,0.0,0.0,0.0,0.0,0.0,0.0,0.0,0.0,0.0,0.0,0.0,0.0,0.0,0.0,0.0,0.0,0.0
51,2020-3-13,0.0,0.9090909090909091,0.5,0.0,0.0,1.0,12.0,1.3333333333333333,72.0,3.607142857142857,4.0,0.0,0.0,0.0,0.0,5.0,245.0,0.0,0.0,1.0,0.5,7.071428571428571,26.0,16.0,0.0,0.0,2.0,0.0,8.444444444444445,0.0,0.0,20.0,1.1818181818181819,4.0,0.0,1.0,0.1111111111111111,0.0,13.0,0.0,0.3333333333333333,8.0,15.666666666666666,1.0809248554913296,0.0,0.0,0.0,1.8571428571428572,0.0,0.0,0.0,63.0,0.0,1.0,0.0,96.0,1388.0,0.0,0.0,1.0,9.394117647058824,0.0,91.0,0.0,1.0,0.0,0.0,0.0,0.0,6.0,1.7222222222222223,0.8181818181818182,35.0,1.1990697674418604,30.0,47.0,1.2380952380952381,5198.0,6.0,62.0,0.0,4.0,1.0,0.9649122807017544,0.0,0.0,7.0,16.0,0.0,0.0,3.0,1.25,0.0,48.0,1.0,6.0,0.0,0.0,0.0,3.0,0.0,0.0,0.0,1.0,0.0,0.0,303.0,0.0,0.0,0.0,0.0,7.0,2.826923076923077,1.0,8.0,5.333333333333333,0.0,1.0,3.25,4.0,1.0555555555555556,53.0,58.0,10.0,2.125,0.0,0.0,0.0,1.5714285714285714,1.7083333333333333,6.0,2.2857142857142856,0.0,22.0,2.6666666666666665,1.625,0.0,1.75,2955.0,4.0,1.0,0.0,2.1717171717171717,487.0,1.0,0.0,0.45454545454545453,0.0,0.0,9.0,4.0,0.0,2.0,0.0,343.0,0.0,1.350785340314136,0.0,0.0,8.0,0.0,0.0,0.0,0.0,0.0,0.0,0.0,0.0,0.0,0.0,1.0,0.0,0.0,0.0,0.0,0.0,0.0,0.0,0.0,0.0
52,2020-3-14,4.0,0.5,5.5,0.0,0.0,0.0,0.25,2.5,0.6944444444444444,0.7475247524752475,0.0,0.0,15.0,0.0,0.0,0.0,0.5306122448979592,0.0,0.0,7.0,2.5,0.0,0.11538461538461539,1.125,0.0,0.0,1.0,0.0,0.06578947368421052,0.0,0.0,0.9,2.4615384615384617,2.25,0.0,0.0,3.0,0.0,0.46153846153846156,0.0,0.0,1.5,1.0212765957446808,0.1711229946524064,0.0,6.0,11.0,2.230769230769231,0.0,0.0,0.0,0.5714285714285714,1.0,0.0,0.0,0.7291666666666666,0.5871757925072046,1.0,0.0,5.0,0.569818409517846,3.0,0.4175824175824176,1.0,0.0,0.0,0.0,0.0,0.0,1.8333333333333333,0.7096774193548387,2.2222222222222223,0.7714285714285715,1.0589604344453065,0.3,0.8297872340425532,1.1153846153846154,0.6727587533666795,0.0,1.1612903225806452,0.0,0.5,0.0,0.9727272727272728,24.0,0.0,1.2857142857142858,1.0,0.0,3.0,0.6666666666666666,1.1333333333333333,0.0,0.8541666666666666,1.0,1.0,1.0,0.0,14.0,2.0,0.0,0.0,0.0,10.0,2.0,0.0,0.5148514851485149,1.0,0.0,0.0,0.0,0.0,0.3197278911564626,0.0,0.375,0.5625,0.0,0.0,0.7692307692307693,3.9166666666666665,1.8421052631578947,1.0754716981132075,0.29310344827586204,0.85,0.8235294117647058,1.0,1.0,1.0,0.0,0.4146341463414634,0.0,0.6875,2.0,0.5454545454545454,0.75,0.7692307692307693,0.0,2.0,0.3922165820642978,1.0,0.0,1.0,0.6837209302325581,0.4517453798767967,3.0,0.0,1.4,0.0,2.0,0.2222222222222222,0.0,0.0,0.0,0.0,0.9970845481049563,4.0,1.062015503875969,0.0,2.0,0.75,0.0,0.0,0.0,0.0,0.0,0.0,0.0,0.0,0.0,0.0,4.0,0.0,0.0,0.0,0.0,0.0,0.0,0.0,0.0,0.0
53,2020-3-15,1.25,0.8,1.0,0.0,0.0,0.0,3.6666666666666665,0.8,0.94,1.3576158940397351,8.0,0.0,0.26666666666666666,2.0,0.0,0.0,1.5153846153846153,0.0,0.0,0.0,1.2,11.0,3.3333333333333335,0.5555555555555556,1.0,0.0,0.0,0.0,10.8,1.0,0.0,0.7222222222222222,0.8125,1.3333333333333333,1.0,0.0,0.3333333333333333,0.0,1.8333333333333333,0.0,0.0,0.0,1.3333333333333333,1.21875,0.0,0.0,0.0,0.034482758620689655,0.0,1.0,0.0,1.5555555555555556,0.0,0.0,0.0,0.2714285714285714,0.044171779141104296,0.0,0.0,0.6,1.3296703296703296,1.0,2.710526315789474,0.0,0.0,3.0,0.0,0.0,1.0,0.18181818181818182,0.6818181818181818,0.55,0.7777777777777778,0.8857142857142857,0.6666666666666666,0.0,2.0,1.0265942236202459,2.0,0.9166666666666666,7.0,1.5,2.0,0.7102803738317757,0.3333333333333333,0.0,0.4444444444444444,1.0625,0.0,0.0,2.0,0.47058823529411764,0.0,4.634146341463414,3.0,0.5,0.0,0.0,1.0714285714285714,1.8333333333333333,0.0,0.0,0.0,1.1,0.0,0.0,1.1282051282051282,2.0,0.0,0.0,0.0,0.0,1.3936170212765957,3.0,7.333333333333333,0.7777777777777778,0.0,0.0,0.5,0.6170212765957447,0.45714285714285713,1.3333333333333333,3.764705882352941,0.23529411764705882,0.2857142857142857,0.0,1.0,0.0,21.0,0.0,14.0,0.18181818181818182,0.0,1.1666666666666667,0.8333333333333334,0.95,0.0,0.9285714285714286,1.2139775668679897,2.0,0.0,0.0,0.41496598639455784,3.8227272727272728,2.0,0.0,4.571428571428571,0.0,0.0,0.0,1.0,0.0,0.0,13.0,0.0029239766081871343,0.0,1.4087591240875912,1.0,4.0,0.5,0.0,0.0,0.0,0.0,0.0,0.0,0.0,0.0,0.0,0.0,0.75,0.0,0.0,0.0,0.0,0.0,0.0,0.0,0.0,0.0
54,2020-3-16,1.0,2.25,0.5454545454545454,1.0,0.0,0.0,1.0,3.25,1.702127659574468,0.7707317073170732,0.625,1.0,0.0,1.5,0.0,9.0,0.8730964467005076,1.0,0.0,1.0,0.16666666666666666,3.4545454545454546,0.4,0.1,12.0,0.0,0.0,2.0,3.0185185185185186,0.0,0.0,6.230769230769231,1.1538461538461537,1.6666666666666667,0.0,0.0,8.0,0.0,0.7272727272727273,0.0,0.0,7.0,0.703125,1.4871794871794872,0.0,0.0,9.0,40.0,0.0,0.0,0.0,0.6071428571428571,0.0,4.0,0.0,1.736842105263158,59.75,0.0,0.0,0.0,1.2206611570247934,0.0,0.0,1.0,0.0,0.0,0.0,0.0,3.0,3.5,0.6,0.5454545454545454,0.8095238095238095,0.8709677419354839,1.3333333333333333,40.0,0.08620689655172414,0.9005571030640669,0.0,0.0,1.2857142857142858,0.3333333333333333,0.0,0.9736842105263158,1.375,0.0,1.0,0.0,1.0,0.0,1.25,2.25,0.0,0.7263157894736842,0.0,3.0,0.0,0.0,0.8,0.0,5.0,0.0,0.0,0.09090909090909091,0.0,0.0,1.5795454545454546,0.0,0.0,0.0,0.0,4.0,0.8549618320610687,0.0,3.772727272727273,1.7142857142857142,0.0,2.0,8.6,0.06896551724137931,3.625,1.131578947368421,0.59375,3.375,6.75,4.0,0.0,0.0,0.38095238095238093,15.0,0.0,3.5,1.0,1.2142857142857142,0.9,0.8947368421052632,1.0,0.8461538461538461,1.5238095238095237,1.25,0.0,0.0,1.3278688524590163,0.0,1.3333333333333333,1.0,1.03125,0.0,2.0,2.0,12.0,0.0,4.0,0.0,406.0,4.0,1.467616580310881,5.0,0.875,1.6666666666666667,0.0,0.0,0.0,0.0,0.0,0.0,0.0,0.0,0.0,0.0,0.0,0.0,0.0,0.0,0.0,0.0,0.0,0.0,0.0,0.0
55,2020-3-17,0.2,0.4444444444444444,1.0,37.0,0.0,0.0,1.0909090909090908,1.0,0.9375,1.9873417721518987,0.0,0.0,14.0,0.6666666666666666,2.0,0.0,1.0755813953488371,0.0,0.0,0.0,1.0,3.1842105263157894,0.5,15.0,0.0,0.0,26.0,3.0,0.38650306748466257,0.0,0.0,0.5679012345679012,0.8333333333333334,0.55,0.0,1.0,0.75,4.0,1.0,0.0,1.0,1.8571428571428572,2.1777777777777776,1.5862068965517242,0.0,10.0,2.3333333333333335,1.15,0.0,0.0,0.0,0.5882352941176471,0.0,0.0,0.0,1.3333333333333333,0.4797768479776848,0.0,1.0,1.0,1.3439404197698037,1.0,56.0,4.0,0.0,3.0,0.0,0.0,0.6666666666666666,1.5714285714285714,4.444444444444445,3.8333333333333335,2.235294117647059,1.1187084520417854,3.75,1.35,6.4,1.0906278997834828,2.0,39.0,1.8888888888888888,23.0,0.0,1.135135135135135,0.6363636363636364,0.0,3.75,10.0,0.0,3.0,1.6,3.5,0.0,0.7753623188405797,0.0,0.8888888888888888,0.0,0.0,2.4166666666666665,7.0,0.0,4.0,2.0,9.0,0.0,0.0,1.0611510791366907,4.0,0.0,0.0,1.0,2.0,1.1607142857142858,2.0,1.2048192771084338,1.1666666666666667,0.0,0.5,0.7209302325581395,22.5,1.0517241379310345,1.3604651162790697,0.0,0.9629629629629629,0.8888888888888888,0.5,0.0,0.0,0.0,3.533333333333333,2.0,1.4285714285714286,1.0,1.3529411764705883,1.0,0.6470588235294118,0.0,0.0,0.8423507462686567,1.6,0.0,0.0,1.0740740740740742,500.0,1.25,0.0,0.9090909090909091,0.0,0.5,2.0,2.4166666666666665,0.0,1.75,0.0,1.0073891625615763,5.25,1.5789938217122683,0.8,2.2857142857142856,1.0,0.0,0.0,0.0,0.0,0.0,0.0,0.0,0.0,0.0,0.0,1.0,0.0,0.0,0.0,0.0,0.0,0.0,0.0,0.0,0.0
56,2020-3-18,0.0,1.0,2.3333333333333335,0.0,0.0,0.0,0.9166666666666666,0.23076923076923078,1.5466666666666666,1.0,0.0,0.0,2.0,2.0,0.0,15.0,1.3135135135135134,1.0,0.0,1.0,12.0,0.4214876033057851,6.0,1.6666666666666667,5.0,0.0,0.07692307692307693,0.0,2.8412698412698414,0.0,0.0,0.8043478260869565,1.76,2.5454545454545454,0.0,1.0,1.5,0.25,2.0,6.0,2.0,0.23076923076923078,0.6938775510204082,0.9891304347826086,1.0,0.0,2.5238095238095237,0.0,0.0,3.0,0.0,1.65,0.0,1.0,0.0,0.3409090909090909,1.3653100775193798,0.0,0.0,4.0,1.5465994962216625,0.0,0.5535714285714286,0.0,0.0,0.0,0.0,0.0,0.5,0.7272727272727273,0.75,0.6086956521739131,1.4473684210526316,1.0118845500848896,0.3333333333333333,1.2777777777777777,1.6875,1.1931366988088485,0.5,0.28205128205128205,1.0588235294117647,0.08695652173913043,0.0,1.1071428571428572,1.7142857142857142,3.0,1.4666666666666666,1.3,1.0,7.0,0.25,1.0,0.0,1.0934579439252337,0.0,0.0,0.0,3.0,0.3793103448275862,0.0,0.0,0.25,0.0,1.2222222222222223,0.0,0.0,1.176271186440678,2.0,0.0,0.0,5.0,1.125,0.6692307692307692,7.5,0.63,1.2142857142857142,0.0,2.0,0.9032258064516129,0.3333333333333333,0.21311475409836064,0.0,13.0,2.923076923076923,1.375,0.5,0.0,0.0,10.0,0.0,2.5,1.8,0.0,2.0434782608695654,3.6666666666666665,0.0,0.0,54.0,1.1971207087486158,0.4375,1.0,0.0,1.0229885057471264,0.656,2.3,2.0,1.1666666666666667,0.0,2.0,1.25,1.7586206896551724,0.0,0.0,15.0,1.667481662591687,1.0,0.7613191727221912,1.25,0.1875,1.8,2.0,0.0,0.0,0.0,0.0,0.0,0.0,0.0,0.0,0.0,2.0,0.0,0.0,0.0,0.0,0.0,0.0,0.0,0.0,0.0
57,2020-3-19,0.0,1.25,0.9285714285714286,14.0,0.0,0.0,1.6363636363636365,5.166666666666667,0.9741379310344828,1.1687898089171975,16.0,2.0,0.7857142857142857,0.75,3.0,0.0,1.271604938271605,0.0,0.0,0.0,2.0833333333333335,4.882352941176471,0.5833333333333334,0.08,2.6,0.0,1.0,3.0,0.7988826815642458,0.0,1.0,0.0,1.2272727272727273,0.32142857142857145,2.0,10.0,2.111111111111111,3.0,1.5,0.0,2.0,6.0,3.3823529411764706,1.1978021978021978,0.0,13.0,1.6603773584905661,60.0,1.0,0.6666666666666666,0.0,0.2727272727272727,0.0,0.0,1.0,4.266666666666667,1.3101490418736692,0.0,0.0,0.5,0.9749185667752444,4.0,0.0,3.0,0.0,0.0,0.0,0.0,3.0,1.875,2.6666666666666665,2.7142857142857144,1.5272727272727273,0.87751677852349,2.8,3.8405797101449277,2.2777777777777777,1.2650344663655813,2.0,3.1818181818181817,0.9444444444444444,4.5,4.0,1.6344086021505377,0.5,0.0,0.6818181818181818,1.8461538461538463,0.0,0.0,4.5,2.0952380952380953,0.0,0.9401709401709402,0.0,15.0,1.0,0.0,2.272727272727273,19.0,0.0,0.0,1.0,1.2727272727272727,1.0,0.0,1.1786743515850144,1.0,1.0,0.0,0.0,1.4444444444444444,2.2528735632183907,0.6,2.4603174603174605,1.3529411764705883,0.0,0.0,3.1785714285714284,1.0,8.0,337.0,0.6153846153846154,0.2236842105263158,1.5757575757575757,0.0,0.0,0.0,0.0,103.0,0.0,1.1111111111111112,2.0,0.6808510638297872,0.5454545454545454,11.0,0.0,0.6296296296296297,1.8746530989824237,1.2857142857142858,0.0,0.0,1.797752808988764,3.192073170731707,0.34782608695652173,1.5,1.7142857142857142,0.0,1.0,2.0,1.8431372549019607,0.0,2.0,1.8,0.10850439882697947,1.380952380952381,4.3274596182085165,1.6,2.0,1.1111111111111112,0.0,0.0,0.0,0.0,0.0,0.0,0.0,0.0,0.0,0.0,1.5,0.0,0.0,0.0,0.0,0.0,0.0,0.0,0.0,0.0
58,2020-3-20,2.0,1.2,0.23076923076923078,1.5714285714285714,1.0,0.0,1.7222222222222223,0.6774193548387096,0.9734513274336283,1.021798365122616,0.0,0.0,0.3181818181818182,1.0,0.0,18.0,1.4951456310679612,0.0,1.0,3.0,1.04,0.6907630522088354,0.42857142857142855,16.5,0.5384615384615384,1.0,7.0,2.3333333333333335,1.0,2.0,0.0,196.0,1.7407407407407407,2.888888888888889,0.0,0.4,1.0526315789473684,0.0,0.9583333333333334,0.0,1.25,0.0,0.6043478260869565,1.0275229357798166,0.0,2.923076923076923,1.9090909090909092,0.48333333333333334,0.0,0.0,0.0,1.7777777777777777,0.0,3.0,0.0,0.78125,0.9685807150595883,2.0,0.0,1.5,1.5128633478115603,1.25,77.0,1.0,0.0,0.0,2.0,0.0,4.0,0.8,0.9875,1.3157894736842106,0.6904761904761905,1.1826003824091778,0.5714285714285714,0.47547169811320755,0.8292682926829268,1.1247651258925215,0.5,1.1142857142857143,0.9411764705882353,0.5555555555555556,0.0,0.5723684210526315,1.8333333333333333,3.0,1.6666666666666667,0.25,0.0,0.0,1.4444444444444444,1.128787878787879,3.0,1.1818181818181819,0.0,0.7333333333333333,0.0,9.0,1.84,0.8947368421052632,4.0,0.0,11.0,1.0,0.0,0.0,1.3105134474327629,1.375,0.0,1.0,4.0,1.4615384615384615,0.8571428571428571,0.0,0.3032258064516129,1.2173913043478262,1.0,2.0,0.0,0.8666666666666667,0.6730769230769231,0.6973293768545994,1.25,1.8235294117647058,1.0384615384615385,9.0,0.0,0.0,25.0,0.6796116504854369,7.0,1.6,0.5,1.25,0.7777777777777778,5.0,0.0,1.5294117647058822,0.6037503084135208,1.4444444444444444,0.0,3.0,1.25,1.1642788920725884,3.375,0.0,0.8333333333333334,8.0,0.0,1.5,1.7765957446808511,0.0,6.5,0.0,17.54054054054054,0.5172413793103449,0.9200882253138786,1.25,0.0,0.6,0.0,1.0,0.0,0.0,0.0,0.0,0.0,0.0,0.0,0.0,1.0,0.0,0.0,0.0,0.0,0.0,0.0,0.0,0.0,0.0
59,2020-3-21,0.0,1.0,16.333333333333332,0.5909090909090909,1.0,0.0,0.967741935483871,1.1428571428571428,2.5454545454545454,1.136,9.0,1.0,2.857142857142857,1.6666666666666667,1.0,0.3888888888888889,1.2077922077922079,0.0,0.0,1.3333333333333333,0.15384615384615385,1.3255813953488371,1.6666666666666667,1.0909090909090908,3.4285714285714284,2.0,0.14285714285714285,1.0,2.335664335664336,0.0,0.0,0.5255102040816326,0.5851063829787234,2.6153846153846154,0.0,1.25,1.4,5.0,3.391304347826087,0.0,1.0,17.0,1.1654676258992807,0.7410714285714286,0.0,1.0526315789473684,0.8273809523809523,0.3103448275862069,2.0,0.0,1.0,1.4375,0.0,0.0,0.0,1.46,0.953579418344519,0.5,0.0,2.0,0.5223056537102474,0.6,0.45454545454545453,1.6666666666666667,1.0,0.0,0.0,0.0,0.0,1.5,0.810126582278481,1.72,1.396551724137931,0.7809215844785772,0.375,0.8095238095238095,1.7941176470588236,1.0953892415636486,0.0,1.1282051282051282,0.0,0.8,0.0,1.6896551724137931,1.5454545454545454,2.6666666666666665,0.52,4.0,1.0,9.0,2.6153846153846154,1.2483221476510067,0.0,1.176923076923077,0.0,0.8181818181818182,0.0,0.2222222222222222,0.8478260869565217,0.8235294117647058,0.0,4.0,0.0,1.3571428571428572,0.0,0.0,1.1884328358208955,1.1818181818181819,1.0,0.0,2.5,0.9473684210526315,1.2142857142857142,4.0,4.872340425531915,2.25,0.0,2.5,84.0,5.923076923076923,1.5857142857142856,1.1063829787234043,1.1,1.903225806451613,0.9814814814814815,0.0,0.0,0.0,0.0,0.6857142857142857,1.2857142857142858,1.125,0.0,1.175,2.9285714285714284,0.7636363636363637,0.0,0.7307692307692307,2.0286064568859827,0.3076923076923077,0.0,0.0,0.62,1.0508613617719442,0.6666666666666666,0.0,1.78,0.875,40.0,0.4,1.8622754491017963,1.0,1.3846153846153846,13.0,0.8112480739599384,1.0666666666666667,1.1781301862437765,1.0,28.0,0.5,0.0,2.0,0.0,0.0,0.0,0.0,0.0,0.0,0.0,0.0,0.3333333333333333,0.0,0.0,0.0,0.0,0.0,0.0,0.0,0.0,0.0
60,2020-3-22,16.0,2.1666666666666665,1.2653061224489797,1.9230769230769231,0.0,0.0,3.6,1.4166666666666667,1.707142857142857,1.8028169014084507,1.3333333333333333,0.0,1.45,0.4,8.0,0.0,1.050179211469534,0.0,0.0,1.25,8.25,2.3026315789473686,1.0,0.6666666666666666,0.4583333333333333,0.0,15.5,1.8571428571428572,0.5748502994011976,0.0,0.0,0.9223300970873787,2.3636363636363638,0.5147058823529411,0.0,1.4,0.6071428571428571,0.0,0.6153846153846154,0.0,2.8,0.6470588235294118,0.7716049382716049,1.1325301204819278,0.0,2.25,2.035971223021583,3.6666666666666665,0.0,0.0,0.0,0.8695652173913043,3.0,2.0,1.0,1.4109589041095891,1.0439882697947214,1.0,0.0,0.8333333333333334,1.1247357293868923,1.3333333333333333,2.6857142857142855,0.4,0.0,12.0,0.0,0.0,2.0,1.5555555555555556,1.484375,0.7674418604651163,0.7901234567901234,1.0641821946169772,3.1666666666666665,1.1862745098039216,0.9344262295081968,0.8479487570535306,3.0,2.1363636363636362,27.0,1.75,8.0,1.1020408163265305,0.7058823529411765,0.0,1.1538461538461537,2.5416666666666665,0.0,0.0,1.7647058823529411,0.6881720430107527,0.0,0.803921568627451,0.0,1.8888888888888888,0.0,7.0,1.2307692307692308,1.0,12.0,0.0,7.0,1.0,0.0,0.0,0.9058084772370487,3.8461538461538463,0.0,1.0,0.8,1.6666666666666667,1.3088235294117647,0.75,0.20087336244541484,1.7936507936507937,0.0,0.8,0.5357142857142857,0.948051948051948,0.8828828828828829,1.2307692307692308,1.1818181818181819,1.11864406779661,1.150943396226415,2.0,0.0,0.0,31.0,2.4791666666666665,2.2222222222222223,1.4166666666666667,0.0,0.48936170212765956,0.17073170731707318,0.7380952380952381,0.0,0.8947368421052632,0.6837228041901692,1.25,0.0,1.0,1.3790322580645162,0.7017954722872756,0.8888888888888888,6.0,2.1123595505617976,0.0,0.025,2.5,1.819935691318328,0.0,1.4444444444444444,0.0,0.6438746438746439,3.0,1.2188135858506808,0.0,0.0,6.333333333333333,1.0,0.0,1.0,1.0,1.0,1.0,1.0,0.0,0.0,0.0,4.0,0.0,0.0,0.0,0.0,0.0,0.0,0.0,0.0,0.0
61,2020-3-23,0.0,1.1538461538461537,0.46774193548387094,0.8,1.0,2.0,0.32407407407407407,1.2058823529411764,0.27824267782426776,1.1614583333333333,0.5833333333333334,0.0,1.4827586206896552,3.0,0.375,5.0,0.5836177474402731,3.0,0.0,0.6,0.30303030303030304,0.72,0.6,0.5833333333333334,2.1818181818181817,0.0,0.0967741935483871,1.2307692307692308,3.2239583333333335,0.0,0.0,1.2,0.4846153846153846,1.3142857142857143,1.0,0.8571428571428571,1.411764705882353,11.0,1.2708333333333333,0.0,0.35714285714285715,1.9090909090909092,0.928,0.6170212765957447,2.0,0.4777777777777778,0.6784452296819788,1.1818181818181819,0.0,3.0,0.0,1.3,0.0,0.0,1.0,0.7184466019417476,2.1797752808988764,0.0,1.0,1.4,1.5725563909774436,1.0,0.7553191489361702,0.5,2.0,0.08333333333333333,4.0,0.0,2.0,1.2857142857142858,0.21052631578947367,1.5606060606060606,1.015625,1.372568093385214,1.736842105263158,1.8099173553719008,1.0994152046783625,0.8613309352517986,0.0,0.2872340425531915,0.5555555555555556,0.2857142857142857,0.125,0.0,0.08333333333333333,2.0,2.7333333333333334,0.3114754098360656,0.0,14.0,0.6,0.6015625,9.0,1.7235772357723578,0.0,1.0,0.0,0.5714285714285714,1.3541666666666667,1.0714285714285714,0.0,0.0,0.8571428571428571,1.4736842105263157,1.0,1.0,0.9480069324090121,0.0,0.0,1.0,1.25,0.7,0.8838951310861424,3.6666666666666665,2.152173913043478,0.2831858407079646,0.0,0.0,0.7111111111111111,1.1232876712328768,1.1734693877551021,1.4375,0.5384615384615384,2.1666666666666665,1.1639344262295082,8.5,1.0,0.0,0.3870967741935484,0.42857142857142855,0.6,0.5294117647058824,0.0,2.347826086956522,0.14285714285714285,0.9032258064516129,0.0,3.764705882352941,1.8762522097819683,3.0,0.0,0.0,0.6549707602339181,1.4694104560622914,1.625,0.0,0.648936170212766,2.0,1.0,0.9333333333333333,0.5176678445229682,8.0,0.0,45.0,1.4469026548672566,0.08333333333333333,1.3575189418261204,3.0,7.0,0.5263157894736842,0.0,0.0,1.0,0.0,0.0,0.0,0.0,1.0,0.0,0.0,1.75,0.0,0.0,0.0,0.0,0.0,0.0,0.0,0.0,0.0
62,2020-3-24,34.0,1.2666666666666666,1.1724137931034482,1.55,0.0,0.0,2.4571428571428573,0.34146341463414637,2.7218045112781954,0.9069506726457399,2.142857142857143,1.0,0.3488372093023256,1.0,0.3333333333333333,0.0,1.5380116959064327,0.3333333333333333,0.0,0.6666666666666666,3.0,0.8544973544973545,4.333333333333333,1.2142857142857142,0.625,0.0,1.3333333333333333,0.625,1.134087237479806,0.0,2.0,1.543859649122807,1.4761904761904763,2.1956521739130435,0.0,1.5,0.7916666666666666,4.363636363636363,1.098360655737705,0.0,1.6,0.38095238095238093,1.3620689655172413,2.5172413793103448,0.0,1.558139534883721,0.5260416666666666,0.9230769230769231,2.0,0.0,0.0,0.6538461538461539,0.0,1.0,1.0,1.2432432432432432,0.6440721649484537,1.0,1.0,1.2857142857142858,0.9395170929954578,6.5,0.676056338028169,1.0,0.0,-15.0,0.25,3.0,0.0,0.5555555555555556,3.0,0.3592233009708738,1.646153846153846,1.2487597448618002,1.5151515151515151,0.9315068493150684,0.8882978723404256,1.0960534558362915,2.0,2.4074074074074074,1.8,5.0,9.0,76.0,2.0,13.0,0.4146341463414634,2.6842105263157894,0.0,0.0,0.8333333333333334,2.909090909090909,0.5555555555555556,0.5,0.0,0.17647058823529413,0.0,0.75,0.7846153846153846,1.0666666666666667,0.0,0.0,3.3333333333333335,0.9642857142857143,3.0,0.0,1.4917733089579526,53.0,0.0,0.0,0.4,0.5714285714285714,1.0254237288135593,1.6363636363636365,0.9797979797979798,0.0,0.0,5.0,0.65625,1.0975609756097562,1.3217391304347825,0.6565217391304348,3.5714285714285716,1.5244755244755244,0.8028169014084507,0.23529411764705882,0.0,0.0,0.0,4.019607843137255,0.5833333333333334,2.0,0.0,0.9074074074074074,18.0,1.3571428571428572,0.0,1.1875,0.7457600502512562,0.3333333333333333,1.0,2.0,2.142857142857143,0.8190764572293717,0.7692307692307693,0.0,0.8688524590163934,1.0,6.0,1.7857142857142858,1.1706484641638226,0.0,24.0,1.1111111111111112,1.4658511722731906,0.0,0.9358622646864062,1.3333333333333333,1.0,1.1,0.0,0.0,0.0,0.0,2.0,0.0,0.0,0.0,2.0,1.0,0.0,0.0,0.0,0.0,0.0,0.0,0.0,0.0,0.0,0.0
63,2020-3-25,0.29411764705882354,1.2105263157894737,1.1176470588235294,0.7741935483870968,0.0,0.0,0.0,1.1428571428571428,0.8839779005524862,0.377008652657602,0.4,0.0,1.8,0.0,0.0,5.0,1.2699619771863118,0.0,0.0,1.5,0.3333333333333333,0.9504643962848297,0.38461538461538464,1.411764705882353,2.1333333333333333,1.0,1.25,0.9,0.6566951566951567,0.0,0.0,1.25,0.7526881720430108,0.9108910891089109,0.0,0.3333333333333333,1.263157894736842,0.14583333333333334,0.8955223880597015,0.0,1.125,1.0,1.6455696202531647,0.9863013698630136,8.0,1.1940298507462686,0.900990099009901,1.5,2.0,0.0,3.0,2.0588235294117645,0.0,0.0,1.0,0.9565217391304348,1.1916766706682673,0.0,0.0,0.5555555555555556,1.103562340966921,1.5384615384615385,1.625,3.0,0.0,-0.0,1.0,0.0,6.0,1.95,1.4833333333333334,3.27027027027027,0.9719626168224299,1.2519863791146424,0.6,1.1519607843137254,6.772455089820359,0.9925700133358735,2.5,1.7538461538461538,0.6666666666666666,0.9,0.3333333333333333,1.3157894736842106,2.0,0.07692307692307693,1.411764705882353,0.29411764705882354,0.0,0.0,2.1666666666666665,1.0446428571428572,0.4,1.6226415094339623,0.0,6.333333333333333,0.0,1.0,0.7450980392156863,1.5,8.0,0.0,0.25,2.037037037037037,0.0,1.0,1.0514705882352942,0.9433962264150944,0.0,4.0,1.75,2.4166666666666665,0.9132231404958677,0.8333333333333334,0.9381443298969072,98.0,0.0,2.0,3.0476190476190474,0.9333333333333333,0.9868421052631579,2.096026490066225,0.44,0.5137614678899083,2.8596491228070176,0.25,0.0,0.0,21.0,0.6487804878048781,1.8571428571428572,1.5,0.0,1.489795918367347,0.6666666666666666,1.263157894736842,0.0,1.019736842105263,2.027795325331649,0.0,0.0,0.5,1.0,0.9426987060998152,1.0,0.0,1.009433962264151,1.5,0.5,2.36,1.6355685131195334,5.0,2.0,1.7,1.0264255910987483,27.0,1.216819973718791,2.5,1.0,0.6363636363636364,9.0,0.0,5.0,0.0,1.0,4.0,0.0,1.0,0.5,0.0,0.0,2.0,2.0,2.0,0.0,0.0,0.0,0.0,0.0,0.0
64,2020-3-26,1.0,1.2173913043478262,1.7105263157894737,1.5,1.0,4.0,115.0,1.5625,1.39375,4.331147540983607,4.833333333333333,4.0,1.4444444444444444,5.0,0.0,0.0,1.9431137724550898,0.0,0.0,3.6666666666666665,1.5,1.4039087947882736,1.0,0.9166666666666666,0.1875,0.0,0.0,0.0,1.7158351409978307,0.0,0.0,0.7454545454545455,1.7285714285714286,0.22826086956521738,0.0,1.0,1.25,2.2857142857142856,0.8833333333333333,0.0,1.1111111111111112,1.75,1.0423076923076924,1.1180555555555556,0.0,1.2,2.5274725274725274,0.7222222222222222,1.0,3.0,0.6666666666666666,3.8285714285714287,2.0,0.0,0.0,0.8863636363636364,1.3267293485560778,1.0,0.0,0.8,1.5252478671893013,0.975,0.9102564102564102,0.3333333333333333,0.0,0.0,0.0,0.0,2.6666666666666665,0.8974358974358975,0.7303370786516854,0.5785123966942148,0.9903846153846154,1.0829555757026292,1.2,1.0851063829787233,0.2864721485411141,1.1905950095969289,0.0,0.7017543859649122,2.2222222222222223,3.3333333333333335,1.0,1.04,3.25,0.0,0.9583333333333334,2.3333333333333335,0.0,5.0,0.38461538461538464,0.5128205128205128,2.0,1.3662790697674418,0.0,0.2631578947368421,1.0,5.5,1.8421052631578947,1.1666666666666667,0.25,1.0,3.4,0.9090909090909091,1.0,0.0,1.2004662004662006,1.56,0.0,0.75,2.0,0.8275862068965517,1.2895927601809956,0.6666666666666666,1.5164835164835164,1.1734693877551021,0.0,0.4,1.5625,0.8452380952380952,1.1333333333333333,0.8672985781990521,1.0909090909090908,1.0982142857142858,1.116564417177914,9.0,0.0,0.0,0.0,0.8421052631578947,0.46153846153846156,0.0,0.0,0.7123287671232876,0.8333333333333334,0.7083333333333334,1.0,1.4064516129032258,0.8588785046728972,4.0,0.0,0.0,1.3083333333333333,0.8960784313725491,0.85,1.0,1.0373831775700935,0.0,1.6666666666666667,0.4067796610169492,2.1319073083778965,0.0,1.0625,0.0,1.4715447154471544,1.037037037037037,1.5000830702774548,1.5,2.2857142857142856,1.7142857142857142,0.4444444444444444,0.0,0.8,6.0,1.0,0.0,0.0,0.0,3.0,0.0,25.0,0.0,1.0,0.0,71.0,0.0,0.0,0.0,0.0,0.0
65,2020-3-27,1.6,0.42857142857142855,0.6461538461538462,1.1944444444444444,0.0,0.0,0.7565217391304347,1.56,0.7466367713004485,0.5662376987130961,1.4827586206896552,0.25,0.20512820512820512,0.8,6.0,8.0,0.8081664098613252,0.0,1.0,1.6363636363636365,3.066666666666667,1.0023201856148491,0.2,1.3181818181818181,4.666666666666667,1.0,3.0,16.0,0.809102402022756,0.0,0.0,1.853658536585366,0.9504132231404959,2.2857142857142856,0.0,0.0,1.0666666666666667,0.3125,1.7169811320754718,0.0,1.3,1.1428571428571428,1.3062730627306274,1.0993788819875776,1.0,0.96875,0.8347826086956521,1.0512820512820513,0.0,0.0,0.0,0.27611940298507465,1.5,4.0,0.0,1.064102564102564,0.9746899519109087,0.0,0.0,1.0,1.0480725623582767,0.1282051282051282,1.0422535211267605,3.0,4.0,0.0,0.0,0.0,1.0,1.1142857142857143,1.353846153846154,2.2857142857142856,1.4854368932038835,1.2247802427794057,2.111111111111111,1.184313725490196,1.0555555555555556,0.952603578913429,0.0,1.0125,0.575,1.3,0.0,0.875,1.3076923076923077,14.0,1.565217391304348,0.6571428571428571,0.0,0.0,2.36,1.2666666666666666,0.75,0.5531914893617021,3.0,1.0,0.0,0.3939393939393939,1.5714285714285714,0.7857142857142857,4.5,0.0,0.7647058823529411,1.4,0.0,1.0,1.1446601941747572,1.0897435897435896,0.0,0.0,0.35714285714285715,0.75,1.3543859649122807,2.2,1.2463768115942029,1.008695652173913,0.0,2.75,0.55,1.352112676056338,0.9882352941176471,1.3187613843351549,1.0833333333333333,2.138211382113821,1.0769230769230769,0.4444444444444444,0.0,0.0,15.0,0.8214285714285714,2.3333333333333335,73.0,0.0,0.9423076923076923,4.3,2.0588235294117645,1.0,1.114678899082569,0.9591343247491234,0.0,0.0,0.0,0.7292993630573248,1.2221006564551422,0.8823529411764706,0.0,0.8198198198198198,2.0,0.2,1.25,1.729933110367893,9.0,2.235294117647059,72.0,1.3503683241252302,0.75,0.9868756229925795,0.8666666666666667,0.0,0.8333333333333334,1.5,2.0,0.0,0.0,0.0,0.0,0.0,0.0,0.0,0.0,0.28,0.0,3.5,0.0,0.2112676056338028,8.0,0.0,0.0,0.0,0.0
66,2020-3-28,0.0,0.9166666666666666,1.0714285714285714,0.9534883720930233,1.0,0.0,1.160919540229885,2.0,1.4924924924924925,0.820855614973262,0.3953488372093023,0.0,1.25,0.0,0.3333333333333333,0.0,1.7635843660629171,0.0,0.0,0.7222222222222222,0.45652173913043476,1.1273148148148149,5.0,1.3103448275862069,0.9642857142857143,0.0,0.0,0.0,1.396875,0.0,0.0,0.9835526315789473,0.8869565217391304,1.4375,0.0,14.0,1.0,0.0,0.7802197802197802,0.0,3.0,1.0625,0.9943502824858758,0.9378531073446328,2.0,1.4838709677419355,1.1875,0.975609756097561,6.0,0.0,0.0,1.8918918918918919,0.0,0.0,0.0,1.5180722891566265,1.2212412360425864,0.0,0.0,1.75,0.9842780902928026,0.8,1.2837837837837838,2.0,0.0,3.0,0.0,2.0,1.6875,1.1025641025641026,0.8295454545454546,0.625,0.7124183006535948,1.0512645249487356,0.631578947368421,0.9735099337748344,1.7076023391812865,1.0110001692333728,4.0,2.7777777777777777,0.4782608695652174,2.0,7.0,1.6043956043956045,0.5882352941176471,0.0,0.6944444444444444,0.9130434782608695,0.0,0.0,0.6101694915254238,1.486842105263158,0.0,1.2230769230769232,0.0,2.0,2.0,0.6153846153846154,1.2,1.4545454545454546,0.0,1.0,0.15384615384615385,0.8142857142857143,0.0,1.0,0.9940627650551315,0.9764705882352941,2.0,0.0,3.8,1.2222222222222223,0.6735751295336787,0.9545454545454546,0.7093023255813954,0.9655172413793104,0.0,0.36363636363636365,0.6545454545454545,2.8333333333333335,1.4821428571428572,1.2458563535911602,2.1538461538461537,0.6083650190114068,1.163265306122449,1.5,0.0,0.0,0.06666666666666667,1.076086956521739,0.7857142857142857,2.767123287671233,1.0,1.4285714285714286,0.5348837209302325,0.7428571428571429,0.0,0.06995884773662552,0.9474347661666457,7.0,2.0,0.0,1.6506550218340612,1.0277529095792302,1.0666666666666667,1.0,1.1978021978021978,0.0,8.0,1.7,0.8235862735621073,0.7777777777777778,0.40350877192982454,0.875,0.8752130923968633,1.7142857142857142,1.11222714774704,1.2307692307692308,12.0,1.1,1.0,1.0,0.0,0.0,1.0,0.0,0.0,0.0,2.0,2.0,1.0,0.0,1.0,0.0,0.3333333333333333,0.0,2.0,0.0,0.0,0.0
67,2020-3-29,10.0,1.3636363636363635,1.2666666666666666,0.6341463414634146,2.0,0.0,0.5445544554455446,0.21794871794871795,0.6921529175050302,0.8420195439739414,1.588235294117647,1.0,2.3,0.0,3.5,0.0,0.92,0.0,1.0,0.5384615384615384,3.0952380952380953,0.7227926078028748,1.2,0.39473684210526316,0.5555555555555556,1.0,4.0,48.0,0.7874720357941835,0.0,0.0,0.7692307692307693,1.2058823529411764,1.3623188405797102,15.0,0.0,0.59375,64.0,0.7887323943661971,0.0,0.5128205128205128,2.0588235294117645,0.5284090909090909,1.1927710843373494,2.0,1.0144927536231885,0.44298245614035087,0.825,0.8333333333333334,0.0,6.0,0.4857142857142857,0.0,5.0,0.0,0.5793650793650794,0.5534765043589198,0.0,1.0,0.14285714285714285,0.6447831184056272,2.75,1.0,0.0,8.0,0.0,7.0,0.0,0.5555555555555556,1.5116279069767442,0.7808219178082192,0.37,1.1926605504587156,0.9431079323797139,0.8541666666666666,0.6802721088435374,1.0753424657534247,0.8732842316705725,0.5,0.7688888888888888,1.1818181818181819,0.717948717948718,0.5714285714285714,0.7191780821917808,2.0,26.0,1.68,1.2380952380952381,0.0,0.0,1.8333333333333333,0.5265486725663717,13.0,0.9433962264150944,1.0,0.2,0.0,0.625,0.9924242424242424,1.0,4.0,0.0,0.5,1.3508771929824561,3.0,0.0,0.9479522184300341,0.7590361445783133,0.0,8.0,1.1578947368421053,0.8181818181818182,1.0346153846153847,0.7142857142857143,0.8360655737704918,1.0267857142857142,0.0,0.75,5.027777777777778,1.2610294117647058,0.8995983935742972,0.8780487804878049,1.5714285714285714,2.26875,1.1842105263157894,1.6666666666666667,6.0,0.0,0.0,0.9696969696969697,1.0909090909090908,0.40594059405940597,0.0,0.6,0.9565217391304348,0.8846153846153846,0.0,5.470588235294118,0.9147152740819585,0.5714285714285714,0.5,0.0,0.6693121693121693,0.6559233449477352,0.9375,0.0,1.311926605504587,0.0,0.5,0.6666666666666666,1.0651408450704225,0.42857142857142855,2.5869565217391304,1.619047619047619,0.9614335800545384,0.8333333333333334,0.9791635134453358,2.5,0.0,1.2727272727272727,0.16666666666666666,0.0,0.0,2.0,0.0,4.0,0.0,0.0,0.0,2.5,1.5714285714285714,0.0,0.0,0.0,0.6,2.0,0.0,0.0,0.0,0.0
68,2020-3-30,5.0,0.7333333333333333,1.280701754385965,1.3846153846153846,0.0,0.0,1.3636363636363635,3.411764705882353,1.0959302325581395,1.6054158607350097,2.3703703703703702,3.0,0.6956521739130435,1.0,0.0,58.0,0.6245593419506463,0.0,0.0,2.2857142857142856,0.6923076923076923,0.9176136363636364,0.16666666666666666,0.8666666666666667,1.6,0.0,1.0,0.0,1.5880681818181819,0.0,2.0,1.3478260869565217,0.6178861788617886,1.0212765957446808,0.0,16.0,0.8421052631578947,0.046875,1.375,0.0,1.55,0.45714285714285713,0.989247311827957,0.9646464646464646,0.0,0.3,0.37623762376237624,1.4242424242424243,1.2,0.0,0.0,1.0588235294117647,0.0,0.4,0.0,1.5342465753424657,1.71417595082597,0.0,0.0,12.0,1.0886363636363636,0.0,0.5894736842105263,2.0,0.75,0.0,0.0,0.0,1.9333333333333333,0.6,1.1578947368421053,6.135135135135135,0.9923076923076923,1.0982419855222336,2.024390243902439,1.475,0.7133757961783439,0.7763082231167338,2.0,0.0,0.6923076923076923,0.32142857142857145,2.0,0.7428571428571429,0.55,0.38461538461538464,0.6904761904761905,0.3076923076923077,0.0,6.0,0.4696969696969697,0.31932773109243695,0.3076923076923077,1.04,0.0,2.5,0.0,4.2,1.1068702290076335,1.09375,0.75,0.0,6.0,1.0,0.0,0.0,0.7983798379837984,1.1904761904761905,0.0,1.125,0.9090909090909091,1.4444444444444444,0.5985130111524164,0.8,1.1764705882352942,0.7652173913043478,0.0,1.6666666666666667,0.5414364640883977,0.37317784256559766,0.8616071428571429,0.5631313131313131,1.3409090909090908,0.8099173553719008,1.1185185185185185,0.0,0.0,0.0,6.0,1.6041666666666667,1.6666666666666667,0.5365853658536586,0.0,0.8333333333333334,1.0,0.5652173913043478,0.0,0.4946236559139785,1.1412363636363636,1.25,0.0,0.0,1.2964426877470356,1.451527224435591,0.5333333333333333,5.0,0.951048951048951,5.0,1.0,0.0,0.8870523415977961,0.0,0.6134453781512605,0.4019607843137255,1.0830632090761751,0.2,1.0779575432811213,0.125,16.0,1.0714285714285714,6.0,0.0,0.0,0.0,0.0,0.25,0.0,1.0,0.0,0.0,0.6363636363636364,6.0,7.0,5.0,0.0,2.0,0.0,3.0,0.0,0.0
69,2020-3-31,0.08,1.8181818181818181,1.8082191780821917,0.16666666666666666,0.0,0.0,3.12,0.8620689655172413,0.5251989389920424,0.6771084337349398,0.390625,0.0,3.25,2.0,1.0,0.0,0.8240827845719662,3.0,0.0,0.625,1.1555555555555554,3.523219814241486,2.0,3.076923076923077,0.625,0.0,0.5,54.0,1.0098389982110911,0.0,1.0,0.932258064516129,1.0657894736842106,1.125,0.0,1.0625,1.0625,3.6666666666666665,1.0,0.0,0.5161290322580645,2.0,1.6684782608695652,1.486910994764398,12.0,4.9523809523809526,7.315789473684211,1.148936170212766,0.3333333333333333,0.0,3.0,0.8333333333333334,0.0,1.5,0.0,0.5892857142857143,1.716046615867324,9.0,0.0,0.5833333333333334,1.0277661795407098,9.0,1.8214285714285714,1.0,0.0,4.0,0.0,0.0,0.06896551724137931,1.1538461538461537,0.7424242424242424,0.6431718061674009,0.8837209302325582,0.9761456371625863,0.7710843373493976,1.1016949152542372,1.4799107142857142,1.0007407407407407,0.0,87.0,0.6666666666666666,2.2777777777777777,1.125,1.6025641025641026,2.090909090909091,1.3,0.7586206896551724,3.0,0.0,1.0,1.4838709677419355,5.0,3.5,0.8974358974358975,1.0,2.6,1.0,0.7142857142857143,0.696551724137931,1.5714285714285714,1.0,0.0,3.0,0.7922077922077922,0.0,0.0,0.9582863585118376,0.7733333333333333,1.0,0.0,0.2,1.6923076923076923,1.2173913043478262,1.0833333333333333,1.8416666666666666,2.1818181818181817,0.0,0.2,1.1734693877551021,4.203125,1.3264248704663213,2.320627802690583,1.4915254237288136,0.46258503401360546,1.6589403973509933,5.0,4.0,0.0,1.0,0.7142857142857143,0.65,2.6136363636363638,2.0,1.3428571428571427,1.2272727272727273,1.7692307692307692,2.0,0.5869565217391305,1.0154218710170788,4.2,1.0,1.0,1.2408536585365855,0.6248856358645929,2.0,0.0,0.9338235294117647,0.8,1.25,82.0,1.6795031055900622,11.0,1.3287671232876712,1.2926829268292683,1.1328095772540216,4.666666666666667,1.2602170068352374,4.6,0.0,0.6,0.0,1.0,1.0,0.0,0.0,0.0,0.0,0.0,1.0,2.0,0.42857142857142855,0.0,0.42857142857142855,0.2,18.0,0.25,0.0,0.3333333333333333,2.0,1.0
